# s_m; t_s; delta_rad; f_drive_N; f_brake_N; gamma_y_N
0.0; 0.000; -0.02403; 4905.7; -0.0; -1705.4
3.0; 0.104; -0.02017; 5406.5; -0.0; -1496.3
6.0; 0.207; -0.01643; 5907.0; -0.0; -1271.0
9.0; 0.308; -0.01311; 6362.5; -0.0; -1050.6
12.0; 0.408; -0.01073; 6721.4; -0.0; -867.1
15.0; 0.506; -0.00983; 6937.9; -0.0; -756.4
18.0; 0.602; -0.01038; 7000.0; -0.0; -735.2
21.0; 0.697; -0.01068; 7000.0; -0.0; -748.6
24.0; 0.790; -0.01072; 6987.5; -0.0; -769.1
27.0; 0.882; -0.01209; 6894.8; -0.0; -839.6
30.0; 0.972; -0.01117; 6807.4; -0.0; -852.1
33.0; 1.061; -0.01025; 6724.8; -0.0; -837.2
36.0; 1.149; -0.01070; 6646.6; -0.0; -851.4
39.0; 1.236; -0.01241; 6572.6; -0.0; -925.7
42.0; 1.322; -0.01421; 6502.2; -0.0; -1037.2
45.0; 1.407; -0.01506; 6435.3; -0.0; -1138.9
48.0; 1.491; -0.01490; 6371.4; -0.0; -1202.3
51.0; 1.574; -0.01478; 6310.2; -0.0; -1243.1
54.0; 1.657; -0.01520; 6251.6; -0.0; -1284.7
57.0; 1.739; -0.01547; 6195.4; -0.0; -1322.6
60.0; 1.821; -0.01788; 6015.8; -0.0; -1427.4
63.0; 1.902; -0.02190; 5653.2; -0.0; -1613.0
66.0; 1.982; -0.02610; 5148.2; -0.0; -1841.8
69.0; 2.062; -0.02962; 4590.5; -0.0; -2066.3
72.0; 2.142; -0.03217; 4064.1; -0.0; -2255.5
75.0; 2.221; -0.03392; 3616.4; -0.0; -2400.6
78.0; 2.300; -0.03526; 3260.7; -0.0; -2506.4
81.0; 2.379; -0.03652; 2991.7; -0.0; -2581.0
84.0; 2.457; -0.03786; 2798.1; -0.0; -2631.7
87.0; 2.535; -0.03927; 2667.9; -0.0; -2664.4
90.0; 2.613; -0.04067; 2591.1; -0.0; -2683.5
93.0; 2.690; -0.04201; 2559.5; -0.0; -2692.4
96.0; 2.767; -0.04326; 2566.4; -0.0; -2693.4
99.0; 2.844; -0.04443; 2605.5; -0.0; -2688.2
102.0; 2.920; -0.04558; 2668.6; -0.0; -2678.6
105.0; 2.997; -0.04670; 2744.0; -0.0; -2666.5
108.0; 3.072; -0.04778; 2817.0; -0.0; -2654.4
111.0; 3.148; -0.04876; 2872.7; -0.0; -2645.2
114.0; 3.223; -0.04954; 2901.0; -0.1; -2641.0
117.0; 3.298; -0.05007; 2899.3; -0.1; -2642.4
120.0; 3.373; -0.05031; 2872.8; -0.1; -2648.3
123.0; 3.447; -0.05027; 2831.2; -0.0; -2656.9
126.0; 3.521; -0.05002; 2785.2; -0.0; -2666.1
129.0; 3.595; -0.04961; 2744.0; -0.0; -2674.3
132.0; 3.669; -0.04910; 2713.7; -0.0; -2680.5
135.0; 3.742; -0.04856; 2697.4; -0.0; -2684.1
138.0; 3.816; -0.04800; 2696.1; -0.0; -2685.1
141.0; 3.890; -0.04743; 2708.6; -0.0; -2683.6
144.0; 3.963; -0.04679; 2732.0; -0.1; -2680.1
147.0; 4.037; -0.04597; 2762.2; -0.1; -2675.1
150.0; 4.112; -0.04479; 2795.0; -0.1; -2669.2
153.0; 4.186; -0.04298; 2827.4; -0.1; -2662.4
156.0; 4.260; -0.04022; 2860.9; -0.1; -2653.4
159.0; 4.335; -0.03611; 2905.3; -0.1; -2638.2
162.0; 4.410; -0.03024; 2988.7; -0.1; -2606.4
165.0; 4.485; -0.02231; 3180.5; -0.1; -2533.0
168.0; 4.560; -0.01228; 3650.7; -1.6; -2355.2
171.0; 4.635; -0.00056; 2852.4; -4.7; -1949.0
174.0; 4.710; 0.01140; 866.4; -5.7; -1131.1
177.0; 4.785; 0.02095; 1.8; -1833.0; 73.3
180.0; 4.861; 0.02522; 1.1; -4444.7; 1176.2
183.0; 4.937; 0.02336; 1.2; -6014.9; 1854.5
186.0; 5.013; 0.01706; 0.1; -5869.9; 2197.4
189.0; 5.091; 0.01004; 0.0; -5147.7; 2370.6
192.0; 5.169; 0.00450; 4.4; -4503.6; 2467.0
195.0; 5.248; -0.00031; 4.8; -4125.3; 2513.7
198.0; 5.328; -0.00415; 5.1; -3914.7; 2535.2
201.0; 5.408; -0.00690; 5.2; -3796.0; 2544.3
204.0; 5.489; -0.00848; 5.3; -3725.3; 2548.4
207.0; 5.571; -0.00885; 5.4; -3674.2; 2553.2
210.0; 5.653; -0.00794; 5.5; -3619.7; 2564.1
213.0; 5.736; -0.00573; 5.4; -3540.1; 2586.0
216.0; 5.819; -0.00235; 4.2; -2869.4; 2620.7
219.0; 5.903; 0.00191; 7.8; -1852.3; 2658.4
222.0; 5.987; 0.00653; 19.5; -834.3; 2688.4
225.0; 6.072; 0.01092; 13.2; -29.1; 2706.9
228.0; 6.157; 0.01469; 442.1; -1.8; 2715.0
231.0; 6.242; 0.01768; 587.9; -0.8; 2717.5
234.0; 6.328; 0.01995; 528.1; -0.5; 2717.5
237.0; 6.414; 0.02164; 387.4; -0.3; 2716.5
240.0; 6.500; 0.02290; 268.2; -0.2; 2714.9
243.0; 6.586; 0.02386; 219.3; -0.2; 2713.1
246.0; 6.673; 0.02463; 218.1; -0.2; 2711.2
249.0; 6.761; 0.02530; 230.4; -0.1; 2709.2
252.0; 6.848; 0.02593; 255.8; -0.1; 2707.2
255.0; 6.936; 0.02660; 285.4; -0.1; 2705.1
258.0; 7.025; 0.02735; 307.1; -0.1; 2702.9
261.0; 7.114; 0.02824; 312.0; -0.1; 2700.4
264.0; 7.203; 0.02929; 302.6; -0.1; 2697.6
267.0; 7.293; 0.03052; 299.6; -0.1; 2694.4
270.0; 7.383; 0.03197; 346.1; -0.1; 2690.7
273.0; 7.474; 0.03368; 501.7; -0.1; 2686.1
276.0; 7.564; 0.03578; 823.6; -0.0; 2678.8
279.0; 7.655; 0.03847; 1331.1; -0.0; 2665.0
282.0; 7.746; 0.04194; 1958.8; -0.0; 2636.2
285.0; 7.837; 0.04625; 2502.9; -0.0; 2583.5
288.0; 7.928; 0.05107; 2889.2; -0.0; 2513.8
291.0; 8.018; 0.05558; 3150.5; -0.0; 2461.9
294.0; 8.108; 0.05882; 3172.5; -0.0; 2458.4
297.0; 8.198; 0.06019; 3007.2; -0.0; 2494.1
300.0; 8.287; 0.05980; 2776.7; -0.0; 2540.7
303.0; 8.376; 0.05822; 2570.5; -0.0; 2579.7
306.0; 8.465; 0.05608; 2425.8; -0.0; 2605.8
309.0; 8.553; 0.05389; 2347.8; -0.0; 2619.6
312.0; 8.642; 0.05201; 2330.9; -0.0; 2623.3
315.0; 8.730; 0.05060; 2368.1; -0.0; 2618.1
318.0; 8.819; 0.04969; 2451.3; -0.0; 2605.0
321.0; 8.907; 0.04912; 2566.2; -0.0; 2585.5
324.0; 8.996; 0.04862; 2688.1; -0.0; 2563.2
327.0; 9.085; 0.04787; 2788.7; -0.0; 2543.2
330.0; 9.173; 0.04660; 2850.2; -0.0; 2529.0
333.0; 9.262; 0.04469; 2874.4; -0.0; 2520.9
336.0; 9.350; 0.04224; 2880.6; -0.0; 2515.1
339.0; 9.439; 0.03948; 2893.9; -0.0; 2506.9
342.0; 9.528; 0.03665; 2937.1; -0.0; 2491.4
345.0; 9.616; 0.03396; 3027.0; -0.0; 2464.3
348.0; 9.704; 0.03147; 3174.8; -0.0; 2421.8
351.0; 9.793; 0.02917; 3385.4; -0.0; 2360.3
354.0; 9.881; 0.02696; 3657.5; -0.0; 2277.0
357.0; 9.969; 0.02472; 3984.7; -0.0; 2170.4
360.0; 10.058; 0.02237; 4358.9; -0.0; 2039.8
363.0; 10.145; 0.01991; 4771.5; -0.0; 1886.0
366.0; 10.233; 0.01747; 5207.6; -0.0; 1713.2
369.0; 10.319; 0.01535; 5634.2; -0.0; 1535.0
372.0; 10.405; 0.01398; 5995.2; -0.0; 1378.4
375.0; 10.490; 0.01376; 6228.3; -0.0; 1278.4
378.0; 10.574; 0.01464; 6301.8; -0.0; 1255.7
381.0; 10.657; 0.01588; 6244.3; -0.0; 1296.0
384.0; 10.739; 0.01559; 6188.8; -0.0; 1327.1
387.0; 10.820; 0.01562; 6135.5; -0.0; 1361.6
390.0; 10.900; 0.01583; 6084.4; -0.0; 1396.1
393.0; 10.980; 0.01602; 6035.3; -0.0; 1428.8
396.0; 11.059; 0.01537; 5988.1; -0.0; 1436.5
399.0; 11.137; 0.01363; 5942.5; -0.0; 1396.1
402.0; 11.215; 0.01184; 5898.3; -0.0; 1319.3
405.0; 11.292; 0.01037; 5855.6; -0.0; 1221.7
408.0; 11.369; 0.00916; 5814.1; -0.0; 1116.5
411.0; 11.445; 0.00815; 5773.9; -0.0; 1014.4
414.0; 11.521; 0.00730; 5734.9; -0.0; 920.9
417.0; 11.596; 0.00656; 5697.1; -0.0; 837.5
420.0; 11.670; 0.00590; 5660.3; -0.0; 763.6
423.0; 11.745; 0.00532; 5624.7; -0.0; 697.4
426.0; 11.818; 0.00478; 5590.0; -0.0; 637.4
429.0; 11.892; 0.00429; 5556.4; -0.0; 582.0
432.0; 11.964; 0.00382; 5523.7; -0.0; 530.2
435.0; 12.037; 0.00338; 5491.9; -0.0; 481.0
438.0; 12.109; 0.00296; 5461.0; -0.0; 433.6
441.0; 12.180; 0.00255; 5430.9; -0.0; 387.0
444.0; 12.252; 0.00213; 5401.6; -0.0; 340.5
447.0; 12.323; 0.00170; 5373.1; -0.0; 293.0
450.0; 12.393; 0.00125; 5345.3; -0.0; 243.3
453.0; 12.463; 0.00076; 5318.2; -0.0; 190.0
456.0; 12.533; 0.00021; 5291.9; -0.0; 131.5
459.0; 12.602; -0.00041; 5266.1; -0.0; 65.8
462.0; 12.671; -0.00112; 5241.0; -0.0; -8.9
465.0; 12.740; -0.00193; 5216.5; -0.0; -94.6
468.0; 12.809; -0.00284; 5192.6; -0.0; -192.9
471.0; 12.877; -0.00387; 5169.3; -0.0; -305.0
474.0; 12.945; -0.00501; 5146.6; -0.0; -431.2
477.0; 13.012; -0.00622; 5124.5; -0.0; -570.0
480.0; 13.079; -0.00745; 5102.9; -0.0; -717.9
483.0; 13.146; -0.00864; 5081.8; -0.0; -868.9
486.0; 13.213; -0.00965; 5061.4; -0.0; -1014.5
489.0; 13.279; -0.01036; 5041.5; -0.0; -1144.1
492.0; 13.345; -0.01062; 5022.1; -0.0; -1245.9
495.0; 13.411; -0.01028; 5003.1; -0.1; -1307.9
498.0; 13.476; -0.00926; 4112.4; -3.1; -1329.0
501.0; 13.541; -0.00753; 2114.0; -5.9; -1314.7
504.0; 13.607; -0.00517; 18.8; -651.0; -1265.5
507.0; 13.672; -0.00239; 3.5; -3757.6; -1176.7
510.0; 13.737; 0.00051; 1.9; -6900.8; -1045.7
513.0; 13.803; 0.00313; 1.4; -9702.2; -871.2
516.0; 13.870; 0.00506; 1.1; -11776.2; -657.2
519.0; 13.938; 0.00607; 0.1; -12705.6; -411.8
522.0; 14.007; 0.00544; 0.0; -13142.9; -184.4
525.0; 14.078; 0.00348; 0.0; -13396.5; -26.6
528.0; 14.150; 0.00049; 0.0; -13345.0; 10.8
531.0; 14.223; -0.00091; 0.0; -13276.7; -3.0
534.0; 14.299; -0.00509; 0.0; -12681.4; -222.0
537.0; 14.376; -0.01044; 0.0; -11429.8; -647.8
540.0; 14.454; -0.01511; 0.0; -9619.2; -1185.5
543.0; 14.535; -0.01750; 0.0; -7789.4; -1669.2
546.0; 14.617; -0.01701; 0.0; -6406.8; -2006.6
549.0; 14.700; -0.01423; 0.0; -5540.2; -2208.2
552.0; 14.784; -0.01071; 0.0; -5002.4; -2325.8
555.0; 14.870; -0.00863; 4.4; -4519.5; -2413.5
558.0; 14.957; -0.00604; 4.8; -4134.5; -2464.5
561.0; 15.045; -0.00278; 5.1; -3889.8; -2487.7
564.0; 15.135; 0.00019; 5.3; -3741.3; -2496.8
567.0; 15.226; 0.00208; 5.5; -3648.8; -2501.6
570.0; 15.318; 0.00230; 5.6; -3572.9; -2511.3
573.0; 15.412; 0.00042; 5.7; -3475.0; -2535.3
576.0; 15.507; -0.00352; 5.1; -3027.2; -2576.9
579.0; 15.603; -0.00883; 10.5; -1670.1; -2624.5
582.0; 15.698; -0.01431; 7.8; -347.1; -2657.1
585.0; 15.792; -0.01890; 404.3; -0.8; -2671.4
588.0; 15.887; -0.02215; 520.2; -0.3; -2675.5
591.0; 15.980; -0.02414; 253.2; -0.2; -2675.8
594.0; 16.074; -0.02507; 0.2; -0.1; -2674.6
597.0; 16.168; -0.02513; 0.1; -17.7; -2672.6
600.0; 16.262; -0.02445; 0.1; -55.1; -2669.9
603.0; 16.356; -0.02317; 0.1; -25.9; -2666.6
606.0; 16.450; -0.02138; 0.1; -0.1; -2662.0
609.0; 16.545; -0.01927; 486.2; -0.1; -2656.8
612.0; 16.640; -0.01735; 1343.1; -0.1; -2653.8
615.0; 16.736; -0.01646; 1817.7; -0.1; -2655.3
618.0; 16.832; -0.01743; 1773.7; -0.0; -2660.2
621.0; 16.928; -0.02077; 1736.3; -0.0; -2663.8
624.0; 17.024; -0.02658; 1803.7; -0.0; -2653.8
627.0; 17.121; -0.03460; 2184.7; -0.0; -2598.6
630.0; 17.217; -0.04391; 2959.6; -0.0; -2459.7
633.0; 17.314; -0.05268; 3596.5; -0.0; -2316.4
636.0; 17.411; -0.05832; 3603.3; -0.0; -2312.6
639.0; 17.508; -0.05927; 3211.7; -0.0; -2403.0
642.0; 17.605; -0.05635; 2789.4; -0.0; -2491.9
645.0; 17.703; -0.05160; 2493.8; -0.0; -2548.4
648.0; 17.801; -0.04659; 2340.8; -0.0; -2575.4
651.0; 17.900; -0.04205; 2310.5; -0.0; -2579.2
654.0; 17.999; -0.03817; 2394.3; -0.0; -2560.4
657.0; 18.098; -0.03487; 2602.8; -0.0; -2513.3
660.0; 18.197; -0.03192; 2948.1; -0.0; -2427.5
663.0; 18.295; -0.02898; 3417.8; -0.0; -2294.7
666.0; 18.392; -0.02570; 3973.3; -0.0; -2114.4
669.0; 18.488; -0.02194; 4582.1; -0.0; -1891.0
672.0; 18.582; -0.01789; 5226.3; -0.0; -1629.9
675.0; 18.676; -0.01410; 5861.5; -0.0; -1349.5
678.0; 18.769; -0.01140; 6393.5; -0.0; -1096.2
681.0; 18.861; -0.01057; 6724.5; -0.0; -933.0
684.0; 18.951; -0.01169; 6816.2; -0.0; -898.1
687.0; 19.041; -0.01346; 6733.0; -0.0; -959.0
690.0; 19.129; -0.01348; 6654.1; -0.0; -1009.7
693.0; 19.217; -0.01373; 6579.4; -0.0; -1061.1
696.0; 19.303; -0.01411; 6508.4; -0.0; -1110.5
699.0; 19.389; -0.01444; 6441.0; -0.0; -1156.8
702.0; 19.473; -0.01472; 6376.7; -0.0; -1200.5
705.0; 19.557; -0.01498; 6315.3; -0.0; -1242.0
708.0; 19.640; -0.01522; 6256.6; -0.0; -1281.4
711.0; 19.722; -0.01543; 6200.3; -0.0; -1319.1
714.0; 19.803; -0.01563; 6146.4; -0.0; -1355.1
717.0; 19.884; -0.01581; 6094.5; -0.0; -1389.5
720.0; 19.964; -0.01598; 6044.6; -0.0; -1422.6
723.0; 20.044; -0.01619; 5994.0; -0.0; -1455.7
726.0; 20.124; -0.01721; 5897.5; -0.0; -1513.2
729.0; 20.202; -0.01868; 5737.2; -0.0; -1598.0
732.0; 20.280; -0.02036; 5514.5; -0.0; -1706.2
735.0; 20.358; -0.02202; 5247.2; -0.0; -1827.4
738.0; 20.435; -0.02347; 4962.2; -0.0; -1948.8
741.0; 20.511; -0.02458; 4687.0; -0.0; -2059.4
744.0; 20.587; -0.02532; 4441.5; -0.0; -2153.2
747.0; 20.661; -0.02584; 4234.3; -0.0; -2229.8
750.0; 20.734; -0.02640; 4061.2; -0.0; -2293.2
753.0; 20.805; -0.02735; 3908.1; -0.0; -2350.0
756.0; 20.876; -0.02892; 3757.3; -0.0; -2406.3
759.0; 20.946; -0.03114; 3594.4; -0.0; -2465.1
762.0; 21.016; -0.03377; 3415.6; -0.0; -2525.0
765.0; 21.086; -0.03636; 3229.0; -0.0; -2581.4
768.0; 21.157; -0.03843; 3050.0; -0.0; -2629.7
771.0; 21.228; -0.03966; 2894.4; -0.0; -2667.5
774.0; 21.300; -0.03993; 2773.2; -0.1; -2694.2
777.0; 21.373; -0.03927; 2692.3; -0.1; -2710.8
780.0; 21.446; -0.03776; 2566.7; -0.3; -2719.0
783.0; 21.519; -0.03542; 2256.0; -0.3; -2721.7
786.0; 21.592; -0.03218; 1941.7; -0.4; -2719.3
789.0; 21.665; -0.02799; 1612.5; -0.7; -2711.0
792.0; 21.739; -0.02281; 1140.9; -1.4; -2694.5
795.0; 21.812; -0.01677; 382.7; -4.7; -2666.0
798.0; 21.886; -0.01023; 18.7; -762.9; -2620.8
801.0; 21.961; -0.00371; 6.6; -2165.8; -2559.2
804.0; 22.036; 0.00216; 3.5; -3646.0; -2484.6
807.0; 22.112; 0.00686; 2.5; -4843.9; -2400.4
810.0; 22.188; 0.01007; 3.7; -5303.3; -2299.4
813.0; 22.265; 0.01153; 3.4; -5929.4; -2156.1
816.0; 22.343; 0.01152; 2.9; -6904.8; -1944.6
819.0; 22.421; 0.01051; 2.4; -8171.5; -1654.7
822.0; 22.500; 0.00910; 2.1; -9547.3; -1303.3
825.0; 22.581; 0.00826; 0.0; -10744.5; -908.1
828.0; 22.663; 0.00673; 0.0; -11630.4; -551.7
831.0; 22.747; 0.00468; 0.0; -12193.8; -288.0
834.0; 22.833; 0.00228; 0.0; -12435.6; -146.8
837.0; 22.922; -0.00032; 0.0; -12385.7; -132.9
840.0; 23.014; -0.00302; 0.0; -12069.4; -234.1
843.0; 23.110; -0.00567; 0.0; -11521.3; -421.7
846.0; 23.208; -0.00832; 0.0; -10794.1; -660.4
849.0; 23.310; -0.01124; 0.0; -9938.1; -922.2
852.0; 23.415; -0.01462; 0.0; -8991.0; -1189.7
855.0; 23.524; -0.01846; 0.0; -7992.0; -1450.0
858.0; 23.636; -0.02241; 0.0; -7007.0; -1687.5
861.0; 23.751; -0.02586; 0.0; -6128.2; -1885.2
864.0; 23.870; -0.02827; 0.0; -5433.0; -2032.9
867.0; 23.993; -0.02957; 0.0; -4941.4; -2132.4
870.0; 24.120; -0.03043; 0.0; -4600.6; -2197.2
873.0; 24.253; -0.03269; 0.0; -4242.1; -2256.5
876.0; 24.389; -0.03502; 5.1; -3930.7; -2305.1
879.0; 24.528; -0.03736; 5.5; -3647.3; -2346.8
882.0; 24.666; -0.03837; 5.8; -3434.7; -2372.0
885.0; 24.805; -0.03915; 6.1; -3281.8; -2388.4
888.0; 24.943; -0.04128; 6.3; -3149.5; -2408.1
891.0; 25.082; -0.04524; 0.0; -2889.8; -2437.2
894.0; 25.223; -0.05252; 0.1; -2416.5; -2480.0
897.0; 25.366; -0.05875; 0.1; -1443.8; -2512.0
900.0; 25.512; -0.06126; 0.0; -395.3; -2524.2
903.0; 25.661; -0.05989; 0.0; -0.0; -2517.2
906.0; 25.812; -0.05563; 548.3; -0.0; -2501.2
909.0; 25.963; -0.05010; 1982.4; -0.0; -2493.9
912.0; 26.115; -0.04596; 1953.0; -0.0; -2498.3
915.0; 26.266; -0.04531; 1851.6; -0.0; -2512.2
918.0; 26.417; -0.04893; 1679.8; -0.0; -2532.4
921.0; 26.566; -0.05673; 1629.3; -0.0; -2531.2
924.0; 26.715; -0.06757; 2651.8; -0.0; -2352.5
927.0; 26.864; -0.07865; 3569.7; -0.0; -2121.2
930.0; 27.010; -0.08477; 3294.9; -0.0; -2180.0
933.0; 27.157; -0.08330; 2942.4; -0.0; -2264.3
936.0; 27.305; -0.07674; 2867.8; -0.0; -2276.7
939.0; 27.457; -0.06808; 3106.0; -0.0; -2205.6
942.0; 27.611; -0.05904; 3607.7; -0.0; -2048.1
945.0; 27.765; -0.05028; 4227.8; -0.0; -1830.0
948.0; 27.916; -0.04180; 4842.1; -0.0; -1588.7
951.0; 28.063; -0.03357; 5417.8; -0.0; -1340.1
954.0; 28.205; -0.02582; 5948.0; -0.0; -1089.8
957.0; 28.343; -0.01897; 6413.3; -0.0; -850.6
960.0; 28.475; -0.01371; 6777.0; -0.0; -649.8
963.0; 28.604; -0.01107; 6985.9; -0.0; -533.5
966.0; 28.729; -0.01165; 7000.0; -0.0; -541.3
969.0; 28.851; -0.01154; 7000.0; -0.0; -556.4
972.0; 28.970; -0.01138; 7000.0; -0.0; -571.8
975.0; 29.086; -0.01126; 7000.0; -0.0; -587.2
978.0; 29.199; -0.01115; 7000.0; -0.0; -602.4
981.0; 29.310; -0.01068; 7000.0; -0.0; -604.2
984.0; 29.419; -0.00966; 7000.0; -0.0; -580.7
987.0; 29.525; -0.00865; 7000.0; -0.0; -545.7
990.0; 29.630; -0.00768; 7000.0; -0.0; -505.7
993.0; 29.733; -0.00679; 7000.0; -0.0; -464.4
996.0; 29.833; -0.00598; 7000.0; -0.0; -423.9
999.0; 29.932; -0.00525; 7000.0; -0.0; -385.2
1002.0; 30.030; -0.00460; 7000.0; -0.0; -348.8
1005.0; 30.126; -0.00403; 7000.0; -0.0; -314.9
1008.0; 30.221; -0.00352; 7000.0; -0.0; -283.5
1011.0; 30.314; -0.00307; 6982.4; -0.0; -254.5
1014.0; 30.406; -0.00267; 6889.1; -0.0; -228.2
1017.0; 30.496; -0.00231; 6801.1; -0.0; -204.3
1020.0; 30.586; -0.00200; 6717.9; -0.0; -182.4
1023.0; 30.674; -0.00173; 6639.0; -0.0; -162.5
1026.0; 30.761; -0.00149; 6564.0; -0.0; -144.3
1029.0; 30.848; -0.00128; 6492.8; -0.0; -127.7
1032.0; 30.933; -0.00109; 6424.9; -0.0; -112.4
1035.0; 31.017; -0.00092; 6360.2; -0.0; -98.2
1038.0; 31.101; -0.00076; 6298.3; -0.0; -84.7
1041.0; 31.184; -0.00061; 6239.0; -0.0; -71.5
1044.0; 31.265; -0.00045; 6182.3; -0.0; -58.3
1047.0; 31.347; -0.00029; 6127.9; -0.0; -44.5
1050.0; 31.427; -0.00011; 6075.6; -0.0; -29.4
1053.0; 31.507; 0.00010; 6025.4; -0.0; -12.3
1056.0; 31.586; 0.00033; 5977.1; -0.0; 7.6
1059.0; 31.664; 0.00062; 5930.5; -0.0; 31.3
1062.0; 31.742; 0.00096; 5885.6; -0.0; 60.1
1065.0; 31.820; 0.00137; 5842.3; -0.0; 95.3
1068.0; 31.896; 0.00186; 5800.5; -0.0; 138.3
1071.0; 31.972; 0.00246; 5760.1; -0.0; 190.5
1074.0; 32.048; 0.00315; 5721.0; -0.0; 253.2
1077.0; 32.123; 0.00394; 5683.2; -0.0; 327.1
1080.0; 32.197; 0.00482; 5646.6; -0.0; 412.1
1083.0; 32.271; 0.00576; 5611.2; -0.0; 506.6
1086.0; 32.345; 0.00670; 5577.0; -0.0; 607.7
1089.0; 32.418; 0.00757; 5543.8; -0.0; 710.1
1092.0; 32.491; 0.00826; 5511.6; -0.0; 806.6
1095.0; 32.563; 0.00866; 5480.4; -0.1; 887.9
1098.0; 32.635; 0.00864; 5027.0; -2.6; 948.2
1101.0; 32.706; 0.00812; 3137.7; -4.1; 993.4
1104.0; 32.777; 0.00706; 336.2; -30.4; 1027.2
1107.0; 32.848; 0.00554; 4.4; -2975.4; 1044.9
1110.0; 32.920; 0.00377; 2.1; -6214.8; 1047.1
1113.0; 32.992; 0.00203; 1.5; -8931.7; 1036.4
1116.0; 33.065; 0.00065; 1.3; -10622.1; 1016.5
1119.0; 33.139; -0.00030; 0.0; -10752.3; 980.7
1122.0; 33.214; 0.00054; 0.0; -10678.2; 975.0
1125.0; 33.291; 0.00238; 0.0; -10440.2; 1019.6
1128.0; 33.369; 0.00459; 0.0; -10006.4; 1124.9
1131.0; 33.450; 0.00677; 0.0; -9389.5; 1282.3
1134.0; 33.531; 0.00868; 0.0; -8648.4; 1469.2
1137.0; 33.615; 0.01013; 0.0; -7870.3; 1658.9
1140.0; 33.700; 0.01095; 0.0; -7144.8; 1828.7
1143.0; 33.787; 0.01109; 0.0; -6537.2; 1965.5
1146.0; 33.875; 0.01060; 0.0; -6073.8; 2066.1
1149.0; 33.965; 0.00977; 0.0; -5740.9; 2135.2
1152.0; 34.057; 0.00914; 0.0; -5483.2; 2184.2
1155.0; 34.151; 0.00963; 0.0; -5188.0; 2233.4
1158.0; 34.247; 0.01036; 0.1; -4906.3; 2278.6
1161.0; 34.344; 0.01102; 4.3; -4639.0; 2320.5
1164.0; 34.442; 0.01177; 4.6; -4359.1; 2363.1
1167.0; 34.541; 0.01239; 4.9; -4080.3; 2404.4
1170.0; 34.641; 0.01197; 5.2; -3833.8; 2435.1
1173.0; 34.742; 0.01059; 5.5; -3639.2; 2454.5
1176.0; 34.843; 0.00875; 5.7; -3498.4; 2465.0
1179.0; 34.943; 0.00685; 5.9; -3403.2; 2469.0
1182.0; 35.045; 0.00521; 6.0; -3341.7; 2468.5
1185.0; 35.147; 0.00406; 6.0; -3303.5; 2465.3
1188.0; 35.250; 0.00354; 6.1; -3280.6; 2460.7
1191.0; 35.355; 0.00377; 6.1; -3266.9; 2455.9
1194.0; 35.462; 0.00482; 6.1; -3256.9; 2452.5
1197.0; 35.570; 0.00669; 6.2; -3243.5; 2452.2
1200.0; 35.680; 0.00953; 6.2; -3212.4; 2459.5
1203.0; 35.792; 0.01370; 6.3; -3146.0; 2480.6
1206.0; 35.906; 0.01911; 7.8; -2385.9; 2518.1
1209.0; 36.022; 0.02513; 16.1; -1188.3; 2555.9
1212.0; 36.140; 0.03086; 4.0; -186.1; 2579.9
1215.0; 36.259; 0.03565; 299.4; -0.6; 2589.0
1218.0; 36.380; 0.03937; 378.7; -0.3; 2591.1
1221.0; 36.501; 0.04220; 257.0; -0.2; 2590.9
1224.0; 36.624; 0.04441; 108.4; -0.1; 2589.8
1227.0; 36.747; 0.04617; 22.7; -0.1; 2588.2
1230.0; 36.872; 0.04764; 9.7; -0.1; 2586.5
1233.0; 36.998; 0.04890; 33.7; -0.1; 2584.8
1236.0; 37.125; 0.05004; 54.9; -0.0; 2583.0
1239.0; 37.253; 0.05115; 44.8; -0.0; 2581.2
1242.0; 37.382; 0.05229; 8.3; -0.0; 2579.3
1245.0; 37.512; 0.05349; 0.3; -0.0; 2577.3
1248.0; 37.643; 0.05477; 0.1; -0.0; 2575.4
1251.0; 37.776; 0.05623; 0.1; -0.0; 2573.5
1254.0; 37.909; 0.05804; 210.0; -0.0; 2571.1
1257.0; 38.044; 0.06061; 970.1; -0.0; 2562.8
1260.0; 38.179; 0.06463; 1968.6; -0.0; 2522.9
1263.0; 38.314; 0.07046; 2611.2; -0.0; 2414.4
1266.0; 38.448; 0.07695; 3047.6; -0.0; 2324.0
1269.0; 38.581; 0.08174; 2925.3; -0.0; 2350.4
1272.0; 38.713; 0.08345; 2611.1; -0.0; 2416.8
1275.0; 38.844; 0.08274; 2369.5; -0.0; 2464.3
1278.0; 38.973; 0.08092; 2253.8; -0.0; 2486.4
1281.0; 39.101; 0.07902; 2246.6; -0.0; 2489.5
1284.0; 39.229; 0.07760; 2317.4; -0.0; 2479.3
1287.0; 39.355; 0.07683; 2423.3; -0.0; 2462.3
1290.0; 39.481; 0.07652; 2511.0; -0.0; 2447.6
1293.0; 39.605; 0.07632; 2545.3; -0.0; 2442.4
1296.0; 39.729; 0.07594; 2529.1; -0.0; 2446.6
1299.0; 39.851; 0.07526; 2489.1; -0.0; 2455.4
1302.0; 39.973; 0.07431; 2451.6; -0.0; 2463.7
1305.0; 40.094; 0.07319; 2431.0; -0.0; 2468.9
1308.0; 40.213; 0.07196; 2430.8; -0.0; 2470.3
1311.0; 40.332; 0.07060; 2447.0; -0.0; 2468.4
1314.0; 40.451; 0.06905; 2472.9; -0.0; 2464.2
1317.0; 40.568; 0.06718; 2502.7; -0.0; 2458.6
1320.0; 40.684; 0.06487; 2535.2; -0.0; 2451.5
1323.0; 40.800; 0.06209; 2574.8; -0.0; 2441.4
1326.0; 40.915; 0.05895; 2630.8; -0.0; 2426.3
1329.0; 41.030; 0.05563; 2714.1; -0.0; 2403.4
1332.0; 41.144; 0.05228; 2834.5; -0.0; 2370.0
1335.0; 41.257; 0.04903; 2997.7; -0.0; 2323.8
1338.0; 41.371; 0.04591; 3203.3; -0.0; 2263.5
1341.0; 41.484; 0.04291; 3444.8; -0.0; 2189.3
1344.0; 41.596; 0.03997; 3712.7; -0.0; 2102.8
1347.0; 41.709; 0.03704; 3999.0; -0.0; 2005.4
1350.0; 41.821; 0.03405; 4300.1; -0.0; 1897.9
1353.0; 41.933; 0.03100; 4614.9; -0.0; 1780.0
1356.0; 42.044; 0.02790; 4942.0; -0.0; 1651.7
1359.0; 42.156; 0.02479; 5276.2; -0.0; 1514.3
1362.0; 42.266; 0.02171; 5609.6; -0.0; 1370.4
1365.0; 42.375; 0.01873; 5934.5; -0.0; 1223.1
1368.0; 42.482; 0.01590; 6244.4; -0.0; 1075.7
1371.0; 42.587; 0.01336; 6528.8; -0.0; 934.5
1374.0; 42.691; 0.01137; 6767.4; -0.0; 812.5
1377.0; 42.792; 0.01030; 6931.5; -0.0; 730.2
1380.0; 42.891; 0.01031; 7000.0; -0.0; 704.3
1383.0; 42.989; 0.01073; 7000.0; -0.0; 719.0
1386.0; 43.086; 0.01059; 7000.0; -0.0; 732.1
1389.0; 43.180; 0.01051; 7000.0; -0.0; 746.0
1392.0; 43.274; 0.01054; 6996.6; -0.0; 762.1
1395.0; 43.366; 0.01206; 6903.2; -0.0; 833.9
1398.0; 43.456; 0.01251; 6815.1; -0.0; 895.7
1401.0; 43.546; 0.01293; 6732.0; -0.0; 954.5
1404.0; 43.634; 0.01337; 6653.4; -0.0; 1010.0
1407.0; 43.721; 0.01355; 6578.8; -0.0; 1054.5
1410.0; 43.808; 0.01300; 6507.9; -0.0; 1069.0
1413.0; 43.893; 0.01221; 6440.3; -0.0; 1058.0
1416.0; 43.978; 0.01129; 6375.7; -0.0; 1026.2
1419.0; 44.061; 0.01033; 6314.0; -0.0; 979.7
1422.0; 44.144; 0.00938; 6254.8; -0.0; 923.8
1425.0; 44.226; 0.00846; 6198.0; -0.0; 862.9
1428.0; 44.307; 0.00760; 6143.4; -0.0; 799.8
1431.0; 44.388; 0.00679; 6090.9; -0.0; 736.5
1434.0; 44.468; 0.00603; 6040.4; -0.0; 674.2
1437.0; 44.547; 0.00533; 5991.7; -0.0; 613.3
1440.0; 44.626; 0.00467; 5944.8; -0.0; 554.0
1443.0; 44.704; 0.00404; 5899.5; -0.0; 496.1
1446.0; 44.781; 0.00343; 5855.8; -0.0; 439.0
1449.0; 44.858; 0.00283; 5813.6; -0.0; 381.7
1452.0; 44.935; 0.00221; 5772.7; -0.0; 323.2
1455.0; 45.011; 0.00157; 5733.2; -0.0; 262.0
1458.0; 45.086; 0.00089; 5694.9; -0.0; 196.4
1461.0; 45.161; 0.00014; 5657.8; -0.0; 124.3
1464.0; 45.235; -0.00070; 5621.9; -0.0; 43.8
1467.0; 45.309; -0.00164; 5587.1; -0.0; -47.2
1470.0; 45.382; -0.00269; 5553.3; -0.0; -150.6
1473.0; 45.455; -0.00387; 5520.5; -0.0; -267.6
1476.0; 45.528; -0.00515; 5488.7; -0.0; -398.3
1479.0; 45.600; -0.00651; 5457.8; -0.0; -541.3
1482.0; 45.672; -0.00790; 5427.9; -0.0; -693.1
1485.0; 45.743; -0.00924; 5398.9; -0.0; -847.5
1488.0; 45.814; -0.01040; 5370.8; -0.0; -995.9
1491.0; 45.884; -0.01124; 5343.6; -0.0; -1127.6
1494.0; 45.954; -0.01161; 5317.2; -0.1; -1230.9
1497.0; 46.024; -0.01135; 5008.1; -2.5; -1298.3
1500.0; 46.093; -0.01042; 3366.8; -3.7; -1338.8
1503.0; 46.162; -0.00883; 853.1; -13.4; -1360.1
1506.0; 46.231; -0.00675; 6.1; -2136.5; -1362.3
1509.0; 46.300; -0.00446; 2.6; -5126.8; -1349.4
1512.0; 46.370; -0.00237; 1.7; -7718.8; -1328.4
1515.0; 46.441; -0.00084; 1.4; -9474.7; -1308.3
1518.0; 46.512; 0.00007; 0.1; -9926.8; -1287.0
1521.0; 46.584; -0.00058; 0.0; -9817.3; -1293.2
1524.0; 46.658; -0.00256; 0.0; -9510.6; -1350.3
1527.0; 46.733; -0.00496; 0.0; -9006.7; -1462.2
1530.0; 46.809; -0.00712; 0.0; -8348.5; -1615.4
1533.0; 46.886; -0.00859; 0.0; -7629.2; -1782.5
1536.0; 46.965; -0.00915; 0.0; -6953.2; -1936.7
1539.0; 47.045; -0.00879; 0.0; -6393.1; -2061.4
1542.0; 47.127; -0.00776; 0.0; -5969.4; -2152.9
1545.0; 47.210; -0.00657; 0.0; -5649.4; -2218.1
1548.0; 47.295; -0.00604; 0.0; -5343.8; -2273.3
1551.0; 47.381; -0.00624; 0.2; -5023.8; -2325.8
1554.0; 47.468; -0.00642; 4.2; -4734.7; -2371.5
1557.0; 47.556; -0.00670; 4.5; -4444.0; -2415.6
1560.0; 47.646; -0.00651; 4.8; -4171.2; -2453.2
1563.0; 47.736; -0.00533; 5.1; -3940.2; -2479.0
1566.0; 47.828; -0.00357; 5.3; -3758.9; -2495.3
1569.0; 47.919; -0.00157; 5.5; -3626.0; -2504.2
1572.0; 48.012; 0.00039; 5.7; -3533.9; -2507.3
1575.0; 48.105; 0.00209; 5.8; -3472.9; -2506.3
1578.0; 48.198; 0.00338; 5.8; -3434.3; -2502.4
1581.0; 48.292; 0.00414; 5.9; -3411.8; -2496.7
1584.0; 48.387; 0.00426; 5.9; -3400.4; -2490.4
1587.0; 48.483; 0.00358; 5.9; -3395.2; -2485.4
1590.0; 48.579; 0.00190; 5.9; -3386.0; -2485.2
1593.0; 48.677; -0.00101; 6.0; -3353.8; -2495.3
1596.0; 48.776; -0.00531; 2.1; -3267.1; -2521.1
1599.0; 48.876; -0.01107; 7.0; -2492.4; -2563.9
1602.0; 48.977; -0.01715; 13.6; -1165.2; -2603.6
1605.0; 49.079; -0.02252; 1.0; -44.5; -2626.8
1608.0; 49.182; -0.02654; 477.6; -0.3; -2634.0
1611.0; 49.286; -0.02923; 582.9; -0.2; -2635.4
1614.0; 49.389; -0.03098; 479.4; -0.1; -2634.9
1617.0; 49.494; -0.03218; 306.5; -0.1; -2633.8
1620.0; 49.599; -0.03311; 129.0; -0.1; -2632.3
1623.0; 49.704; -0.03387; 12.2; -0.0; -2630.6
1626.0; 49.810; -0.03447; 0.3; -0.0; -2628.8
1629.0; 49.917; -0.03492; 0.2; -0.0; -2627.0
1632.0; 50.024; -0.03529; 30.7; -0.0; -2625.3
1635.0; 50.132; -0.03579; 340.2; -0.0; -2623.8
1638.0; 50.241; -0.03686; 911.3; -0.0; -2622.6
1641.0; 50.350; -0.03920; 1560.9; -0.0; -2618.5
1644.0; 50.459; -0.04348; 1869.1; -0.0; -2596.3
1647.0; 50.569; -0.04974; 2356.2; -0.0; -2521.7
1650.0; 50.678; -0.05715; 3031.1; -0.0; -2393.1
1653.0; 50.786; -0.06388; 3324.6; -0.0; -2327.2
1656.0; 50.894; -0.06800; 3128.5; -0.0; -2372.0
1659.0; 51.001; -0.06902; 2767.0; -0.0; -2449.9
1662.0; 51.107; -0.06792; 2464.1; -0.0; -2509.5
1665.0; 51.213; -0.06587; 2279.0; -0.0; -2543.4
1668.0; 51.319; -0.06368; 2201.3; -0.0; -2557.6
1671.0; 51.424; -0.06184; 2211.3; -0.0; -2557.3
1674.0; 51.529; -0.06058; 2293.8; -0.0; -2545.1
1677.0; 51.634; -0.05992; 2427.4; -0.0; -2523.5
1680.0; 51.738; -0.05964; 2571.7; -0.0; -2498.2
1683.0; 51.842; -0.05938; 2677.0; -0.0; -2478.3
1686.0; 51.946; -0.05881; 2715.6; -0.0; -2470.4
1689.0; 52.049; -0.05776; 2696.9; -0.0; -2473.5
1692.0; 52.152; -0.05624; 2651.7; -0.0; -2481.8
1695.0; 52.254; -0.05443; 2609.9; -0.0; -2489.6
1698.0; 52.356; -0.05252; 2590.3; -0.0; -2492.9
1701.0; 52.458; -0.05067; 2601.0; -0.0; -2490.3
1704.0; 52.560; -0.04897; 2642.1; -0.0; -2481.2
1707.0; 52.662; -0.04746; 2708.0; -0.0; -2466.4
1710.0; 52.763; -0.04613; 2789.5; -0.0; -2447.5
1713.0; 52.865; -0.04497; 2875.7; -0.0; -2426.8
1716.0; 52.966; -0.04394; 2957.1; -0.0; -2406.5
1719.0; 53.067; -0.04300; 3028.0; -0.0; -2388.4
1722.0; 53.168; -0.04214; 3087.3; -0.0; -2373.0
1725.0; 53.268; -0.04132; 3137.1; -0.0; -2360.1
1728.0; 53.369; -0.04055; 3180.9; -0.0; -2348.9
1731.0; 53.470; -0.03987; 3220.8; -0.0; -2339.2
1734.0; 53.571; -0.03941; 3254.8; -0.0; -2331.9
1737.0; 53.672; -0.03940; 3273.6; -0.0; -2330.4
1740.0; 53.774; -0.04015; 3260.2; -0.0; -2340.0
1743.0; 53.875; -0.04187; 3197.1; -0.0; -2365.4
1746.0; 53.976; -0.04446; 3079.8; -0.0; -2405.8
1749.0; 54.076; -0.04736; 2925.9; -0.0; -2452.8
1752.0; 54.175; -0.04984; 2766.7; -0.0; -2496.2
1755.0; 54.273; -0.05141; 2630.6; -0.0; -2529.8
1758.0; 54.371; -0.05197; 2414.8; -0.2; -2554.2
1761.0; 54.468; -0.05166; 1424.2; -0.2; -2583.4
1764.0; 54.565; -0.05067; 611.6; -0.2; -2616.0
1767.0; 54.662; -0.04917; 368.2; -0.3; -2642.8
1770.0; 54.759; -0.04733; 538.2; -0.4; -2659.0
1773.0; 54.856; -0.04530; 790.3; -0.4; -2665.9
1776.0; 54.955; -0.04315; 879.1; -0.4; -2667.8
1779.0; 55.053; -0.04097; 730.0; -0.3; -2668.1
1782.0; 55.153; -0.03882; 414.5; -0.2; -2667.8
1785.0; 55.254; -0.03675; 98.6; -0.2; -2667.2
1788.0; 55.355; -0.03471; 0.1; -0.3; -2666.1
1791.0; 55.457; -0.03257; 0.1; -125.8; -2664.2
1794.0; 55.559; -0.03016; 0.1; -287.7; -2661.5
1797.0; 55.661; -0.02729; 0.1; -364.2; -2657.6
1800.0; 55.762; -0.02376; 0.1; -271.0; -2651.7
1803.0; 55.862; -0.01946; 0.1; -0.4; -2642.9
1806.0; 55.962; -0.01437; 432.2; -0.1; -2630.2
1809.0; 56.061; -0.00881; 1382.0; -0.2; -2617.6
1812.0; 56.161; -0.00342; 2080.4; -0.1; -2609.0
1815.0; 56.260; 0.00110; 2110.9; -0.1; -2604.8
1818.0; 56.358; 0.00432; 2120.6; -0.0; -2603.6
1821.0; 56.457; 0.00609; 2109.9; -0.0; -2605.2
1824.0; 56.555; 0.00632; 2077.8; -0.0; -2609.7
1827.0; 56.653; 0.00492; 2021.7; -0.0; -2617.4
1830.0; 56.752; 0.00176; 1938.9; -0.0; -2628.1
1833.0; 56.850; -0.00331; 1832.7; -0.0; -2641.1
1836.0; 56.948; -0.01045; 1735.8; -0.0; -2651.4
1839.0; 57.046; -0.01961; 1788.2; -0.0; -2641.7
1842.0; 57.145; -0.03034; 2319.1; -0.0; -2560.5
1845.0; 57.243; -0.04136; 3335.0; -0.0; -2357.1
1848.0; 57.342; -0.05012; 3913.1; -0.0; -2206.3
1851.0; 57.441; -0.05354; 3724.7; -0.0; -2246.2
1854.0; 57.540; -0.05097; 3282.8; -0.0; -2346.2
1857.0; 57.639; -0.04500; 2957.8; -0.0; -2411.4
1860.0; 57.740; -0.03862; 2847.0; -0.0; -2426.8
1863.0; 57.841; -0.03332; 2956.7; -0.0; -2392.1
1866.0; 57.942; -0.02924; 3288.2; -0.0; -2299.0
1869.0; 58.043; -0.02592; 3818.7; -0.0; -2137.8
1872.0; 58.142; -0.02278; 4464.2; -0.0; -1915.4
1875.0; 58.240; -0.01940; 5122.7; -0.0; -1657.5
1878.0; 58.337; -0.01572; 5742.4; -0.0; -1386.8
1881.0; 58.433; -0.01228; 6293.8; -0.0; -1124.3
1884.0; 58.528; -0.01005; 6713.1; -0.0; -912.2
1887.0; 58.621; -0.00998; 6921.6; -0.0; -809.5
1890.0; 58.713; -0.01202; 6892.7; -0.0; -844.0
1893.0; 58.803; -0.01277; 6805.3; -0.0; -904.4
1896.0; 58.893; -0.01301; 6722.7; -0.0; -961.1
1899.0; 58.981; -0.01341; 6644.5; -0.0; -1016.0
1902.0; 59.068; -0.00999; 6570.2; -0.0; -934.8
1905.0; 59.154; -0.00549; 6499.2; -0.0; -732.3
1908.0; 59.239; -0.00209; 6431.4; -0.0; -483.3
1911.0; 59.324; -0.00019; 6366.6; -0.0; -261.5
1914.0; 59.407; 0.00074; 6304.5; -0.0; -97.8
1917.0; 59.490; 0.00112; 6245.2; -0.0; 6.6
1920.0; 59.572; 0.00121; 6188.3; -0.0; 65.0
1923.0; 59.653; 0.00117; 6133.7; -0.0; 92.9
1926.0; 59.733; 0.00108; 6081.4; -0.0; 102.6
1929.0; 59.813; 0.00098; 6031.0; -0.0; 102.7
1932.0; 59.892; 0.00089; 5982.6; -0.0; 98.3
1935.0; 59.970; 0.00081; 5935.9; -0.0; 92.4
1938.0; 60.048; 0.00074; 5890.9; -0.0; 86.2
1941.0; 60.125; 0.00068; 5847.5; -0.0; 80.4
1944.0; 60.202; 0.00063; 5805.6; -0.0; 75.2
1947.0; 60.278; 0.00059; 5765.1; -0.0; 70.5
1950.0; 60.353; 0.00055; 5725.9; -0.0; 66.3
1953.0; 60.428; 0.00051; 5688.0; -0.0; 62.5
1956.0; 60.503; 0.00047; 5651.3; -0.0; 58.9
1959.0; 60.577; 0.00044; 5615.7; -0.0; 55.7
1962.0; 60.650; 0.00041; 5581.2; -0.0; 52.6
1965.0; 60.723; 0.00039; 5547.7; -0.0; 49.7
1968.0; 60.796; 0.00036; 5515.2; -0.0; 47.1
1971.0; 60.868; 0.00034; 5483.6; -0.0; 44.6
1974.0; 60.939; 0.00032; 5452.9; -0.0; 42.2
1977.0; 61.011; 0.00030; 5423.1; -0.0; 40.0
1980.0; 61.082; 0.00028; 5394.0; -0.0; 37.9
1983.0; 61.152; 0.00026; 5365.7; -0.0; 35.9
1986.0; 61.222; 0.00024; 5338.2; -0.0; 34.1
1989.0; 61.292; 0.00023; 5311.4; -0.0; 32.4
1992.0; 61.362; 0.00022; 5285.2; -0.0; 30.7
1995.0; 61.431; 0.00020; 5259.8; -0.0; 29.2
1998.0; 61.500; 0.00019; 5234.9; -0.0; 27.7
2001.0; 61.568; 0.00018; 5210.6; -0.0; 26.4
2004.0; 61.636; 0.00017; 5187.0; -0.0; 25.1
2007.0; 61.704; 0.00016; 5163.8; -0.0; 23.9
2010.0; 61.771; 0.00015; 5141.3; -0.0; 22.7
2013.0; 61.839; 0.00014; 5119.2; -0.0; 21.6
2016.0; 61.906; 0.00013; 5097.6; -0.0; 20.6
2019.0; 61.972; 0.00013; 5076.5; -0.0; 19.6
2022.0; 62.039; 0.00012; 5055.9; -0.0; 18.6
2025.0; 62.105; 0.00011; 5035.7; -0.0; 17.8
2028.0; 62.170; 0.00011; 5016.0; -0.0; 16.9
2031.0; 62.236; 0.00010; 4996.6; -0.0; 16.1
2034.0; 62.301; 0.00010; 4977.7; -0.0; 15.4
2037.0; 62.366; 0.00009; 4959.2; -0.0; 14.7
2040.0; 62.431; 0.00009; 4941.0; -0.0; 14.0
2043.0; 62.496; 0.00008; 4923.2; -0.0; 13.3
2046.0; 62.560; 0.00008; 4905.7; -0.0; 12.7
2049.0; 62.624; 0.00007; 4888.6; -0.0; 12.1
2052.0; 62.688; 0.00007; 4871.9; -0.0; 11.6
2055.0; 62.752; 0.00007; 4855.4; -0.0; 11.1
2058.0; 62.815; 0.00006; 4839.3; -0.0; 10.6
2061.0; 62.878; 0.00006; 4823.5; -0.0; 10.1
2064.0; 62.941; 0.00006; 4807.9; -0.0; 9.6
2067.0; 63.004; 0.00005; 4792.7; -0.0; 9.2
2070.0; 63.067; 0.00005; 4777.7; -0.0; 8.8
2073.0; 63.129; 0.00005; 4763.0; -0.0; 8.4
2076.0; 63.191; 0.00005; 4748.5; -0.0; 8.0
2079.0; 63.253; 0.00004; 4734.4; -0.0; 7.7
2082.0; 63.315; 0.00004; 4720.4; -0.0; 7.4
2085.0; 63.377; 0.00004; 4706.7; -0.0; 7.0
2088.0; 63.438; 0.00004; 4693.3; -0.0; 6.7
2091.0; 63.500; 0.00004; 4680.0; -0.0; 6.4
2094.0; 63.561; 0.00003; 4667.0; -0.0; 6.2
2097.0; 63.622; 0.00003; 4654.2; -0.0; 5.9
2100.0; 63.683; 0.00003; 4641.6; -0.0; 5.6
2103.0; 63.743; 0.00003; 4629.2; -0.0; 5.4
2106.0; 63.804; 0.00003; 4617.1; -0.0; 5.2
2109.0; 63.864; 0.00003; 4605.1; -0.0; 5.0
2112.0; 63.924; 0.00002; 4593.3; -0.0; 4.8
2115.0; 63.984; 0.00002; 4581.7; -0.0; 4.6
2118.0; 64.044; 0.00002; 4570.3; -0.0; 4.4
2121.0; 64.104; 0.00002; 4559.0; -0.0; 4.2
2124.0; 64.163; 0.00002; 4548.0; -0.0; 4.0
2127.0; 64.223; 0.00002; 4537.1; -0.0; 3.9
2130.0; 64.282; 0.00002; 4526.3; -0.0; 3.7
2133.0; 64.341; 0.00002; 4515.7; -0.0; 3.6
2136.0; 64.400; 0.00002; 4505.3; -0.0; 3.4
2139.0; 64.459; 0.00002; 4495.1; -0.0; 3.3
2142.0; 64.517; 0.00002; 4484.9; -0.0; 3.2
2145.0; 64.576; 0.00002; 4475.0; -0.0; 3.0
2148.0; 64.634; 0.00001; 4465.2; -0.0; 2.9
2151.0; 64.693; 0.00001; 4455.5; -0.0; 2.8
2154.0; 64.751; 0.00001; 4445.9; -0.0; 2.7
2157.0; 64.809; 0.00001; 4436.5; -0.0; 2.6
2160.0; 64.867; 0.00001; 4427.3; -0.0; 2.5
2163.0; 64.925; 0.00001; 4418.1; -0.0; 2.4
2166.0; 64.982; 0.00001; 4409.1; -0.0; 2.3
2169.0; 65.040; 0.00001; 4400.2; -0.0; 2.2
2172.0; 65.097; 0.00001; 4391.4; -0.0; 2.1
2175.0; 65.155; 0.00001; 4382.8; -0.0; 2.1
2178.0; 65.212; 0.00001; 4374.2; -0.0; 2.0
2181.0; 65.269; 0.00001; 4365.8; -0.0; 1.9
2184.0; 65.326; 0.00001; 4357.5; -0.0; 1.9
2187.0; 65.383; 0.00001; 4349.3; -0.0; 1.8
2190.0; 65.440; 0.00001; 4341.2; -0.0; 1.7
2193.0; 65.496; 0.00001; 4333.2; -0.0; 1.7
2196.0; 65.553; 0.00001; 4325.4; -0.0; 1.6
2199.0; 65.610; 0.00001; 4317.6; -0.0; 1.6
2202.0; 65.666; 0.00001; 4309.9; -0.0; 1.5
2205.0; 65.722; 0.00001; 4302.3; -0.0; 1.5
2208.0; 65.778; 0.00001; 4294.8; -0.0; 1.4
2211.0; 65.834; 0.00001; 4287.4; -0.0; 1.4
2214.0; 65.890; 0.00001; 4280.1; -0.0; 1.4
2217.0; 65.946; 0.00001; 4272.9; -0.0; 1.3
2220.0; 66.002; 0.00001; 4265.8; -0.0; 1.3
2223.0; 66.058; 0.00001; 4258.8; -0.0; 1.3
2226.0; 66.113; 0.00001; 4251.8; -0.0; 1.2
2229.0; 66.169; 0.00001; 4245.0; -0.0; 1.2
2232.0; 66.224; 0.00001; 4238.2; -0.0; 1.2
2235.0; 66.280; 0.00001; 4231.5; -0.0; 1.1
2238.0; 66.335; 0.00001; 4224.9; -0.0; 1.1
2241.0; 66.390; 0.00001; 4218.3; -0.0; 1.1
2244.0; 66.445; 0.00000; 4211.9; -0.0; 1.1
2247.0; 66.500; 0.00000; 4205.5; -0.0; 1.0
2250.0; 66.555; 0.00000; 4199.2; -0.0; 1.0
2253.0; 66.610; 0.00000; 4192.9; -0.0; 1.0
2256.0; 66.664; 0.00000; 4186.8; -0.0; 1.0
2259.0; 66.719; 0.00000; 4180.7; -0.0; 1.0
2262.0; 66.774; 0.00000; 4174.6; -0.0; 1.0
2265.0; 66.828; 0.00000; 4168.7; -0.0; 0.9
2268.0; 66.883; 0.00000; 4162.8; -0.0; 0.9
2271.0; 66.937; 0.00000; 4157.0; -0.0; 0.9
2274.0; 66.991; 0.00000; 4151.2; -0.0; 0.9
2277.0; 67.045; 0.00000; 4145.5; -0.0; 0.9
2280.0; 67.099; 0.00000; 4139.9; -0.0; 0.9
2283.0; 67.153; 0.00000; 4134.3; -0.0; 0.9
2286.0; 67.207; 0.00000; 4128.8; -0.0; 0.9
2289.0; 67.261; 0.00000; 4123.4; -0.0; 0.9
2292.0; 67.315; 0.00000; 4118.0; -0.0; 0.9
2295.0; 67.369; 0.00000; 4112.7; -0.0; 0.9
2298.0; 67.423; 0.00000; 4107.4; -0.0; 0.9
2301.0; 67.476; 0.00000; 4102.2; -0.0; 0.9
2304.0; 67.530; 0.00000; 4097.0; -0.0; 0.9
2307.0; 67.583; 0.00000; 4091.9; -0.0; 0.9
2310.0; 67.637; 0.00000; 4086.9; -0.0; 0.9
2313.0; 67.690; 0.00000; 4081.9; -0.0; 0.9
2316.0; 67.743; 0.00000; 4077.0; -0.0; 0.9
2319.0; 67.796; 0.00000; 4072.1; -0.0; 0.9
2322.0; 67.850; 0.00000; 4067.2; -0.0; 0.9
2325.0; 67.903; 0.00000; 4062.4; -0.0; 0.9
2328.0; 67.956; 0.00000; 4057.7; -0.0; 0.9
2331.0; 68.009; 0.00000; 4053.0; -0.0; 0.9
2334.0; 68.062; 0.00000; 4048.4; -0.0; 0.9
2337.0; 68.114; 0.00000; 4043.8; -0.0; 0.9
2340.0; 68.167; 0.00000; 4039.2; -0.0; 0.9
2343.0; 68.220; 0.00000; 4034.7; -0.0; 0.9
2346.0; 68.272; 0.00000; 4030.3; -0.0; 0.9
2349.0; 68.325; 0.00000; 4025.9; -0.0; 0.9
2352.0; 68.378; 0.00000; 4021.5; -0.0; 0.9
2355.0; 68.430; 0.00000; 4017.2; -0.0; 0.9
2358.0; 68.483; 0.00000; 4012.9; -0.0; 1.0
2361.0; 68.535; 0.00000; 4008.7; -0.0; 1.0
2364.0; 68.587; 0.00000; 4004.5; -0.0; 1.0
2367.0; 68.639; 0.00000; 4000.3; -0.0; 1.0
2370.0; 68.692; 0.00000; 3996.2; -0.0; 1.0
2373.0; 68.744; 0.00000; 3992.1; -0.0; 1.0
2376.0; 68.796; 0.00000; 3988.1; -0.0; 1.0
2379.0; 68.848; 0.00000; 3984.1; -0.0; 1.0
2382.0; 68.900; 0.00000; 3980.2; -0.0; 0.9
2385.0; 68.952; 0.00000; 3976.2; -0.0; 0.8
2388.0; 69.004; -0.00000; 3972.4; -0.0; 0.5
2391.0; 69.056; -0.00001; 3968.5; -0.0; 0.2
2394.0; 69.107; -0.00001; 3964.7; -0.0; -0.4
2397.0; 69.159; -0.00002; 3960.9; -0.0; -1.1
2400.0; 69.211; -0.00003; 3957.2; -0.0; -2.1
2403.0; 69.263; -0.00004; 3953.5; -0.0; -3.4
2406.0; 69.314; -0.00005; 3949.8; -0.0; -5.0
2409.0; 69.366; -0.00006; 3946.2; -0.0; -7.1
2412.0; 69.417; -0.00008; 3942.6; -0.0; -9.6
2415.0; 69.469; -0.00010; 3939.1; -0.0; -12.5
2418.0; 69.520; -0.00012; 3935.5; -0.0; -15.8
2421.0; 69.571; -0.00014; 3932.0; -0.0; -19.4
2424.0; 69.623; -0.00016; 3928.6; -0.0; -23.4
2427.0; 69.674; -0.00018; 3925.1; -0.0; -27.4
2430.0; 69.725; -0.00019; 3921.7; -0.1; -31.3
2433.0; 69.776; -0.00019; 3918.4; -0.1; -34.9
2436.0; 69.827; -0.00019; 3915.0; -0.1; -37.8
2439.0; 69.879; -0.00018; 3911.7; -0.1; -39.8
2442.0; 69.930; -0.00016; 3908.3; -0.3; -40.5
2445.0; 69.981; -0.00013; 3233.7; -4.2; -39.7
2448.0; 70.032; -0.00009; 1795.8; -7.6; -37.7
2451.0; 70.083; -0.00005; 46.2; -280.9; -34.6
2454.0; 70.134; 0.00000; 5.0; -2660.8; -30.5
2457.0; 70.185; 0.00005; 2.5; -5293.9; -25.7
2460.0; 70.236; 0.00009; 1.7; -7955.9; -20.5
2463.0; 70.288; 0.00011; 1.3; -10454.2; -15.1
2466.0; 70.340; 0.00012; 1.1; -12591.8; -10.0
2469.0; 70.393; 0.00011; 0.9; -14165.4; -5.4
2472.0; 70.447; 0.00009; 0.5; -14963.2; -1.4
2475.0; 70.501; 0.00003; 0.1; -14867.3; -0.0
2478.0; 70.556; -0.00002; 0.0; -14768.9; 0.0
2481.0; 70.612; -0.00003; 0.0; -14671.5; 0.0
2484.0; 70.669; -0.00001; 0.0; -14575.0; -0.0
2487.0; 70.726; 0.00000; 0.0; -14479.4; -0.0
2490.0; 70.785; 0.00000; 0.0; -14384.7; -0.0
2493.0; 70.844; 0.00000; 0.0; -14290.9; 0.0
2496.0; 70.904; 0.00000; 0.0; -14198.0; 0.0
2499.0; 70.966; -0.00000; 0.0; -14105.9; 0.0
2502.0; 71.028; -0.00040; 0.0; -13973.2; -19.6
2505.0; 71.092; -0.00350; 0.0; -13501.4; -184.4
2508.0; 71.157; -0.00722; 0.0; -12599.1; -493.4
2511.0; 71.222; -0.01026; 0.0; -11262.8; -913.2
2514.0; 71.289; -0.01189; 0.0; -9707.4; -1358.5
2517.0; 71.357; -0.01183; 0.0; -8264.0; -1740.1
2520.0; 71.426; -0.01014; 0.0; -7151.0; -2017.2
2523.0; 71.496; -0.00734; 0.0; -6387.7; -2198.6
2526.0; 71.567; -0.00436; 0.0; -5859.6; -2315.9
2529.0; 71.638; -0.00252; 0.0; -5384.2; -2406.6
2532.0; 71.711; -0.00157; 4.0; -4942.1; -2481.0
2535.0; 71.784; -0.00056; 4.4; -4572.7; -2536.9
2538.0; 71.858; 0.00154; 4.7; -4288.2; -2569.5
2541.0; 71.933; 0.00420; 4.9; -4078.1; -2587.7
2544.0; 72.009; 0.00697; 5.1; -3930.7; -2596.1
2547.0; 72.085; 0.00953; 5.2; -3832.1; -2597.9
2550.0; 72.163; 0.01164; 5.3; -3769.1; -2595.2
2553.0; 72.241; 0.01314; 5.4; -3730.7; -2590.0
2556.0; 72.320; 0.01391; 5.4; -3708.3; -2584.2
2559.0; 72.399; 0.01380; 5.4; -3693.8; -2580.1
2562.0; 72.479; 0.01264; 5.4; -3676.4; -2581.7
2565.0; 72.559; 0.01027; 5.5; -3638.6; -2593.8
2568.0; 72.639; 0.00659; 5.5; -3560.4; -2620.8
2571.0; 72.719; 0.00182; 4.5; -2745.1; -2661.2
2574.0; 72.800; -0.00346; 10.0; -1491.4; -2699.9
2577.0; 72.882; -0.00850; 9.6; -334.7; -2725.4
2580.0; 72.963; -0.01267; 424.8; -1.7; -2737.1
2583.0; 73.045; -0.01577; 724.5; -0.7; -2740.6
2586.0; 73.127; -0.01790; 687.8; -0.4; -2740.8
2589.0; 73.209; -0.01932; 487.6; -0.3; -2739.8
2592.0; 73.291; -0.02025; 285.4; -0.2; -2738.2
2595.0; 73.374; -0.02085; 182.4; -0.2; -2736.4
2598.0; 73.457; -0.02124; 192.2; -0.1; -2734.4
2601.0; 73.540; -0.02149; 226.6; -0.1; -2732.5
2604.0; 73.623; -0.02167; 213.4; -0.1; -2730.5
2607.0; 73.707; -0.02180; 172.7; -0.1; -2728.6
2610.0; 73.791; -0.02191; 133.9; -0.1; -2726.6
2613.0; 73.875; -0.02202; 136.3; -0.1; -2724.6
2616.0; 73.960; -0.02220; 225.3; -0.1; -2722.7
2619.0; 74.046; -0.02259; 440.7; -0.1; -2721.0
2622.0; 74.131; -0.02344; 798.0; -0.1; -2719.3
2625.0; 74.217; -0.02508; 1263.4; -0.1; -2717.0
2628.0; 74.304; -0.02788; 1731.4; -0.1; -2710.2
2631.0; 74.390; -0.03205; 2009.9; -0.1; -2688.7
2634.0; 74.477; -0.03748; 2378.5; -0.0; -2633.4
2637.0; 74.564; -0.04365; 2942.5; -0.0; -2532.7
2640.0; 74.651; -0.04955; 3428.0; -0.0; -2430.1
2643.0; 74.738; -0.05399; 3548.0; -0.0; -2402.3
2646.0; 74.825; -0.05616; 3330.5; -0.0; -2452.7
2649.0; 74.911; -0.05613; 2983.3; -0.0; -2528.2
2652.0; 74.998; -0.05458; 2666.1; -0.0; -2591.2
2655.0; 75.085; -0.05218; 2440.4; -0.0; -2632.4
2658.0; 75.172; -0.04945; 2309.5; -0.0; -2655.0
2661.0; 75.259; -0.04665; 2258.8; -0.0; -2663.8
2664.0; 75.346; -0.04391; 2277.4; -0.0; -2661.2
2667.0; 75.434; -0.04121; 2362.8; -0.0; -2646.6
2670.0; 75.522; -0.03845; 2516.6; -0.0; -2617.3
2673.0; 75.610; -0.03550; 2735.8; -0.0; -2569.3
2676.0; 75.698; -0.03225; 3010.9; -0.0; -2499.5
2679.0; 75.786; -0.02871; 3335.0; -0.0; -2405.0
2682.0; 75.873; -0.02509; 3714.4; -0.0; -2282.3
2685.0; 75.959; -0.02168; 4160.2; -0.0; -2128.1
2688.0; 76.044; -0.01886; 4462.6; -3.3; -1950.4
2691.0; 76.128; -0.01676; 2658.3; -6.0; -1812.8
2694.0; 76.211; -0.01586; 45.3; -401.9; -1780.0
2697.0; 76.295; -0.01580; 3.7; -3475.0; -1853.6
2700.0; 76.379; -0.01543; 2.0; -5609.9; -1989.8
2703.0; 76.464; -0.01348; 0.0; -5847.0; -2118.9
2706.0; 76.551; -0.01124; 0.0; -5401.2; -2220.2
2709.0; 76.639; -0.00960; 0.0; -5019.9; -2295.7
2712.0; 76.729; -0.00917; 4.3; -4628.8; -2362.1
2715.0; 76.821; -0.00887; 4.7; -4281.8; -2415.1
2718.0; 76.914; -0.00770; 5.0; -4003.9; -2449.8
2721.0; 77.010; -0.00595; 5.3; -3793.7; -2471.3
2724.0; 77.106; -0.00395; 5.5; -3644.9; -2482.5
2727.0; 77.204; -0.00202; 5.6; -3546.2; -2486.1
2730.0; 77.303; -0.00047; 5.7; -3484.7; -2484.7
2733.0; 77.402; 0.00047; 5.8; -3448.6; -2480.8
2736.0; 77.502; 0.00056; 5.8; -3426.8; -2477.0
2739.0; 77.602; -0.00046; 5.9; -3404.8; -2477.7
2742.0; 77.702; -0.00285; 5.9; -3360.8; -2488.7
2745.0; 77.804; -0.00676; 1.8; -3262.7; -2515.5
2748.0; 77.907; -0.01215; 7.6; -2331.6; -2559.1
2751.0; 78.010; -0.01806; 17.4; -1002.7; -2598.4
2754.0; 78.114; -0.02342; 5.2; -1.2; -2621.1
2757.0; 78.219; -0.02752; 356.5; -0.3; -2628.7
2760.0; 78.323; -0.03022; 227.0; -0.2; -2630.3
2763.0; 78.428; -0.03170; 0.3; -0.1; -2629.6
2766.0; 78.534; -0.03216; 0.1; -0.2; -2628.0
2769.0; 78.640; -0.03179; 0.0; -0.2; -2625.7
2772.0; 78.747; -0.03078; 0.0; -0.1; -2622.5
2775.0; 78.854; -0.02930; 0.1; -0.0; -2618.1
2778.0; 78.961; -0.02764; 616.5; -0.0; -2613.8
2781.0; 79.070; -0.02651; 1532.4; -0.0; -2613.6
2784.0; 79.178; -0.02706; 1717.5; -0.0; -2618.0
2787.0; 79.287; -0.03021; 1684.3; -0.0; -2620.9
2790.0; 79.396; -0.03623; 1809.6; -0.0; -2603.2
2793.0; 79.505; -0.04472; 2373.9; -0.0; -2516.3
2796.0; 79.613; -0.05433; 3216.1; -0.0; -2349.2
2799.0; 79.722; -0.06249; 3519.6; -0.0; -2275.8
2802.0; 79.829; -0.06654; 3225.6; -0.0; -2344.5
2805.0; 79.936; -0.06616; 2792.8; -0.0; -2439.1
2808.0; 80.043; -0.06312; 2465.4; -0.0; -2504.0
2811.0; 80.149; -0.05920; 2282.2; -0.0; -2538.1
2814.0; 80.255; -0.05534; 2219.9; -0.0; -2549.5
2817.0; 80.361; -0.05188; 2257.8; -0.0; -2542.8
2820.0; 80.467; -0.04892; 2388.7; -0.0; -2517.6
2823.0; 80.574; -0.04633; 2603.8; -0.0; -2471.7
2826.0; 80.681; -0.04388; 2873.6; -0.0; -2406.5
2829.0; 80.789; -0.04130; 3155.4; -0.0; -2328.6
2832.0; 80.897; -0.03840; 3429.0; -0.0; -2243.4
2835.0; 81.004; -0.03513; 3713.3; -0.0; -2148.0
2838.0; 81.112; -0.03158; 4043.8; -0.0; -2031.9
2841.0; 81.218; -0.02785; 4442.7; -0.0; -1885.6
