# s_m; t_s; v_mps; beta_rad; omega_z_radps; n_m; xi_rad
0.0; 0.000; 28.97; 0.02097; -0.20499; 1.20148; 0.09163
3.0; 0.104; 29.30; 0.01818; -0.17907; 1.52509; 0.08300
6.0; 0.207; 29.68; 0.01536; -0.15158; 1.81501; 0.07531
9.0; 0.308; 30.10; 0.01268; -0.12410; 2.07539; 0.06913
12.0; 0.408; 30.55; 0.01027; -0.09921; 2.31122; 0.06427
15.0; 0.506; 31.03; 0.00829; -0.08118; 2.52669; 0.06013
18.0; 0.602; 31.51; 0.00691; -0.07448; 2.72407; 0.05569
21.0; 0.697; 31.99; 0.00631; -0.07962; 2.90289; 0.04986
24.0; 0.790; 32.46; 0.00635; -0.08428; 3.06067; 0.04238
27.0; 0.882; 32.92; 0.00662; -0.08622; 3.19447; 0.03372
30.0; 0.972; 33.36; 0.00709; -0.09709; 3.30118; 0.02367
33.0; 1.061; 33.79; 0.00765; -0.09334; 3.37801; 0.01279
36.0; 1.149; 34.20; 0.00779; -0.08632; 3.42305; 0.00179
39.0; 1.236; 34.60; 0.00780; -0.08869; 3.43461; -0.00974
42.0; 1.322; 34.99; 0.00818; -0.10231; 3.41026; -0.02268
45.0; 1.407; 35.37; 0.00914; -0.11859; 3.34697; -0.03714
48.0; 1.491; 35.74; 0.01040; -0.12823; 3.24292; -0.05199
51.0; 1.574; 36.10; 0.01150; -0.12897; 3.09925; -0.06569
54.0; 1.657; 36.45; 0.01222; -0.12778; 2.91970; -0.07745
57.0; 1.739; 36.79; 0.01273; -0.13005; 2.70902; -0.08733
60.0; 1.821; 37.12; 0.01323; -0.13274; 2.47231; -0.09546
63.0; 1.902; 37.44; 0.01403; -0.14985; 2.21425; -0.10255
66.0; 1.982; 37.73; 0.01578; -0.18132; 1.93826; -0.10973
69.0; 2.062; 37.97; 0.01877; -0.21650; 1.64647; -0.11765
72.0; 2.142; 38.18; 0.02279; -0.24631; 1.34035; -0.12615
75.0; 2.221; 38.34; 0.02736; -0.26676; 1.02155; -0.13461
78.0; 2.300; 38.46; 0.03203; -0.27805; 0.69243; -0.14229
81.0; 2.379; 38.56; 0.03643; -0.28227; 0.35621; -0.14856
84.0; 2.457; 38.63; 0.04035; -0.28152; 0.01692; -0.15297
87.0; 2.535; 38.69; 0.04364; -0.27727; -0.32091; -0.15527
90.0; 2.613; 38.73; 0.04621; -0.27044; -0.65284; -0.15553
93.0; 2.690; 38.77; 0.04801; -0.26176; -0.97542; -0.15409
96.0; 2.767; 38.80; 0.04901; -0.25205; -1.28643; -0.15120
99.0; 2.844; 38.83; 0.04922; -0.24231; -1.58411; -0.14694
102.0; 2.920; 38.87; 0.04875; -0.23366; -1.86664; -0.14131
105.0; 2.997; 38.91; 0.04776; -0.22720; -2.13199; -0.13442
108.0; 3.072; 38.95; 0.04649; -0.22382; -2.37797; -0.12644
111.0; 3.148; 39.00; 0.04520; -0.22391; -2.60227; -0.11760
114.0; 3.223; 39.05; 0.04415; -0.22717; -2.80252; -0.10814
117.0; 3.298; 39.10; 0.04350; -0.23259; -2.97638; -0.09823
120.0; 3.373; 39.15; 0.04334; -0.23876; -3.12154; -0.08798
123.0; 3.447; 39.20; 0.04362; -0.24428; -3.23580; -0.07736
126.0; 3.521; 39.25; 0.04423; -0.24816; -3.31705; -0.06630
129.0; 3.595; 39.30; 0.04502; -0.24991; -3.36321; -0.05466
132.0; 3.669; 39.34; 0.04581; -0.24956; -3.37236; -0.04238
135.0; 3.742; 39.37; 0.04648; -0.24748; -3.34313; -0.02973
138.0; 3.816; 39.41; 0.04693; -0.24422; -3.27568; -0.01728
141.0; 3.890; 39.45; 0.04712; -0.24043; -3.17184; -0.00547
144.0; 3.963; 39.48; 0.04705; -0.23673; -3.03427; 0.00558
147.0; 4.037; 39.52; 0.04675; -0.23365; -2.86566; 0.01589
150.0; 4.112; 39.56; 0.04630; -0.23155; -2.66857; 0.02544
153.0; 4.186; 39.61; 0.04579; -0.23048; -2.44536; 0.03419
156.0; 4.260; 39.66; 0.04528; -0.23008; -2.19868; 0.04177
159.0; 4.335; 39.71; 0.04482; -0.22938; -1.93267; 0.04739
162.0; 4.410; 39.76; 0.04432; -0.22637; -1.65421; 0.05029
165.0; 4.485; 39.82; 0.04355; -0.21713; -1.37212; 0.05041
168.0; 4.560; 39.90; 0.04196; -0.19379; -1.09552; 0.04847
171.0; 4.635; 40.02; 0.03840; -0.14165; -0.83256; 0.04617
174.0; 4.710; 40.09; 0.03188; -0.05949; -0.58875; 0.04573
177.0; 4.785; 40.05; 0.02189; 0.06206; -0.36444; 0.04990
180.0; 4.861; 39.85; 0.00879; 0.19790; -0.15272; 0.06080
183.0; 4.937; 39.48; -0.00569; 0.29579; 0.05863; 0.07733
186.0; 5.013; 39.00; -0.01996; 0.34173; 0.28001; 0.09605
189.0; 5.091; 38.52; -0.03275; 0.34478; 0.51546; 0.11361
192.0; 5.169; 38.08; -0.04316; 0.32797; 0.76381; 0.12783
195.0; 5.248; 37.67; -0.05109; 0.30933; 1.02095; 0.13796
198.0; 5.328; 37.28; -0.05699; 0.29174; 1.28107; 0.14399
201.0; 5.408; 36.90; -0.06120; 0.27647; 1.53774; 0.14628
204.0; 5.489; 36.52; -0.06403; 0.26409; 1.78547; 0.14562
207.0; 5.571; 36.15; -0.06577; 0.25529; 2.02048; 0.14281
210.0; 5.653; 35.77; -0.06675; 0.25136; 2.24012; 0.13839
213.0; 5.736; 35.40; -0.06741; 0.25443; 2.44197; 0.13280
216.0; 5.819; 35.03; -0.06834; 0.26735; 2.62363; 0.12664
219.0; 5.903; 34.71; -0.06988; 0.28235; 2.78288; 0.12033
222.0; 5.987; 34.45; -0.07191; 0.29379; 2.91782; 0.11391
225.0; 6.072; 34.26; -0.07409; 0.29868; 3.02748; 0.10749
228.0; 6.157; 34.12; -0.07602; 0.29687; 3.11256; 0.10131
231.0; 6.242; 34.01; -0.07738; 0.29048; 3.17521; 0.09539
234.0; 6.328; 33.91; -0.07804; 0.28305; 3.21800; 0.08964
237.0; 6.414; 33.80; -0.07809; 0.27748; 3.24339; 0.08411
240.0; 6.500; 33.68; -0.07774; 0.27495; 3.25381; 0.07903
243.0; 6.586; 33.56; -0.07722; 0.27488; 3.25171; 0.07463
246.0; 6.673; 33.43; -0.07666; 0.27576; 3.23962; 0.07108
249.0; 6.761; 33.30; -0.07609; 0.27660; 3.22009; 0.06841
252.0; 6.848; 33.17; -0.07550; 0.27712; 3.19567; 0.06658
255.0; 6.936; 33.05; -0.07484; 0.27705; 3.16888; 0.06554
258.0; 7.025; 32.93; -0.07406; 0.27634; 3.14218; 0.06522
261.0; 7.114; 32.80; -0.07311; 0.27520; 3.11796; 0.06552
264.0; 7.203; 32.68; -0.07198; 0.27406; 3.09853; 0.06640
267.0; 7.293; 32.56; -0.07068; 0.27335; 3.08589; 0.06770
270.0; 7.383; 32.44; -0.06926; 0.27306; 3.08131; 0.06911
273.0; 7.474; 32.33; -0.06771; 0.27226; 3.08487; 0.07025
276.0; 7.564; 32.22; -0.06589; 0.26883; 3.09583; 0.07078
279.0; 7.655; 32.15; -0.06341; 0.25981; 3.11308; 0.07024
282.0; 7.746; 32.11; -0.05971; 0.24303; 3.13526; 0.06795
285.0; 7.837; 32.12; -0.05428; 0.22061; 3.16056; 0.06321
288.0; 7.928; 32.18; -0.04735; 0.20361; 3.18643; 0.05594
291.0; 8.018; 32.27; -0.04037; 0.20573; 3.20930; 0.04722
294.0; 8.108; 32.39; -0.03537; 0.22981; 3.22488; 0.03900
297.0; 8.198; 32.51; -0.03359; 0.26500; 3.22925; 0.03281
300.0; 8.287; 32.61; -0.03479; 0.29554; 3.21967; 0.02889
303.0; 8.376; 32.70; -0.03783; 0.31299; 3.19450; 0.02633
306.0; 8.465; 32.76; -0.04144; 0.31715; 3.15251; 0.02394
309.0; 8.553; 32.81; -0.04468; 0.31147; 3.09245; 0.02073
312.0; 8.642; 32.86; -0.04697; 0.29984; 3.01310; 0.01624
315.0; 8.730; 32.90; -0.04802; 0.28554; 2.91396; 0.01063
318.0; 8.819; 32.95; -0.04782; 0.27127; 2.79591; 0.00429
321.0; 8.907; 33.00; -0.04656; 0.25942; 2.66065; -0.00245
324.0; 8.996; 33.06; -0.04461; 0.25198; 2.50994; -0.00929
327.0; 9.085; 33.13; -0.04249; 0.25005; 2.34520; -0.01585
330.0; 9.173; 33.22; -0.04069; 0.25310; 2.16761; -0.02171
333.0; 9.262; 33.31; -0.03953; 0.25880; 1.97810; -0.02664
336.0; 9.350; 33.40; -0.03904; 0.26394; 1.77725; -0.03080
339.0; 9.439; 33.49; -0.03902; 0.26582; 1.56495; -0.03465
342.0; 9.528; 33.59; -0.03908; 0.26318; 1.34039; -0.03874
345.0; 9.616; 33.68; -0.03888; 0.25611; 1.10234; -0.04353
348.0; 9.704; 33.79; -0.03814; 0.24557; 0.84926; -0.04939
351.0; 9.793; 33.91; -0.03673; 0.23279; 0.57922; -0.05660
354.0; 9.881; 34.05; -0.03468; 0.21893; 0.28992; -0.06513
357.0; 9.969; 34.21; -0.03212; 0.20469; -0.02014; -0.07418
360.0; 10.058; 34.40; -0.02925; 0.19010; -0.34911; -0.08218
363.0; 10.145; 34.62; -0.02624; 0.17460; -0.69085; -0.08787
366.0; 10.233; 34.87; -0.02321; 0.15765; -1.03710; -0.09090
369.0; 10.319; 35.15; -0.02025; 0.13969; -1.37962; -0.09137
372.0; 10.405; 35.46; -0.01748; 0.12303; -1.71066; -0.08926
375.0; 10.490; 35.80; -0.01509; 0.11176; -2.02256; -0.08429
378.0; 10.574; 36.15; -0.01337; 0.10997; -2.30757; -0.07614
381.0; 10.657; 36.49; -0.01255; 0.11819; -2.55900; -0.06519
384.0; 10.739; 36.83; -0.01264; 0.13111; -2.77331; -0.05255
387.0; 10.820; 37.16; -0.01325; 0.13415; -2.95013; -0.03960
390.0; 10.900; 37.49; -0.01381; 0.13527; -3.09047; -0.02706
393.0; 10.980; 37.80; -0.01429; 0.13703; -3.19544; -0.01496
396.0; 11.059; 38.11; -0.01476; 0.13895; -3.26621; -0.00327
399.0; 11.137; 38.41; -0.01513; 0.13570; -3.30411; 0.00781
402.0; 11.215; 38.70; -0.01511; 0.12370; -3.31094; 0.01780
405.0; 11.292; 38.99; -0.01451; 0.10853; -3.28886; 0.02645
408.0; 11.369; 39.28; -0.01346; 0.09480; -3.24013; 0.03390
411.0; 11.445; 39.56; -0.01224; 0.08364; -3.16710; 0.04037
414.0; 11.521; 39.83; -0.01104; 0.07479; -3.07215; 0.04607
417.0; 11.596; 40.11; -0.00994; 0.06759; -2.95756; 0.05116
420.0; 11.670; 40.37; -0.00899; 0.06146; -2.82538; 0.05574
423.0; 11.745; 40.63; -0.00816; 0.05603; -2.67740; 0.05989
426.0; 11.818; 40.89; -0.00743; 0.05105; -2.51520; 0.06365
429.0; 11.892; 41.14; -0.00678; 0.04640; -2.34015; 0.06706
432.0; 11.964; 41.39; -0.00619; 0.04199; -2.15350; 0.07013
435.0; 12.037; 41.64; -0.00565; 0.03778; -1.95636; 0.07290
438.0; 12.109; 41.88; -0.00514; 0.03370; -1.74975; 0.07537
441.0; 12.180; 42.12; -0.00466; 0.02971; -1.53463; 0.07756
444.0; 12.252; 42.35; -0.00418; 0.02573; -1.31189; 0.07947
447.0; 12.323; 42.58; -0.00372; 0.02167; -1.08240; 0.08109
450.0; 12.393; 42.81; -0.00325; 0.01743; -0.84704; 0.08243
453.0; 12.463; 43.03; -0.00277; 0.01288; -0.60668; 0.08345
456.0; 12.533; 43.25; -0.00225; 0.00787; -0.36223; 0.08414
459.0; 12.602; 43.46; -0.00170; 0.00224; -0.11465; 0.08445
462.0; 12.671; 43.68; -0.00108; -0.00420; 0.13502; 0.08435
465.0; 12.740; 43.88; -0.00039; -0.01162; 0.38566; 0.08377
468.0; 12.809; 44.09; 0.00041; -0.02018; 0.63598; 0.08265
471.0; 12.877; 44.29; 0.00132; -0.03000; 0.88458; 0.08091
474.0; 12.945; 44.49; 0.00238; -0.04111; 1.12982; 0.07846
477.0; 13.012; 44.69; 0.00359; -0.05341; 1.36993; 0.07523
480.0; 13.079; 44.88; 0.00495; -0.06661; 1.60292; 0.07116
483.0; 13.146; 45.07; 0.00646; -0.08014; 1.82667; 0.06622
486.0; 13.213; 45.26; 0.00809; -0.09315; 2.03896; 0.06042
489.0; 13.279; 45.44; 0.00977; -0.10447; 2.23760; 0.05386
492.0; 13.345; 45.62; 0.01141; -0.11272; 2.42055; 0.04669
495.0; 13.411; 45.80; 0.01287; -0.11644; 2.58607; 0.03919
498.0; 13.476; 45.97; 0.01399; -0.11428; 2.73291; 0.03171
501.0; 13.541; 46.09; 0.01473; -0.10955; 2.86042; 0.02449
504.0; 13.607; 46.11; 0.01522; -0.10434; 2.96861; 0.01762
507.0; 13.672; 45.97; 0.01553; -0.09674; 3.05801; 0.01118
510.0; 13.737; 45.67; 0.01558; -0.08394; 3.12960; 0.00540
513.0; 13.803; 45.19; 0.01516; -0.06486; 3.18480; 0.00065
516.0; 13.870; 44.56; 0.01400; -0.03975; 3.22545; -0.00267
519.0; 13.938; 43.80; 0.01191; -0.01066; 3.25386; -0.00420
522.0; 14.007; 42.97; 0.00885; 0.01910; 3.27283; -0.00375
525.0; 14.078; 42.11; 0.00525; 0.03676; 3.28550; -0.00168
528.0; 14.150; 41.22; 0.00199; 0.03614; 3.29492; 0.00095
531.0; 14.223; 40.32; -0.00000; 0.01521; 3.30323; 0.00275
534.0; 14.299; 39.40; -0.00044; -0.00268; 3.31142; 0.00318
537.0; 14.376; 38.50; 0.00078; -0.05206; 3.31796; 0.00074
540.0; 14.454; 37.67; 0.00465; -0.12808; 3.31716; -0.00704
543.0; 14.535; 36.94; 0.01122; -0.20664; 3.29917; -0.02139
546.0; 14.617; 36.32; 0.01942; -0.26382; 3.25163; -0.04159
549.0; 14.700; 35.78; 0.02798; -0.29310; 3.16265; -0.06574
552.0; 14.784; 35.29; 0.03589; -0.30104; 3.02272; -0.09193
555.0; 14.870; 34.83; 0.04263; -0.29881; 2.82478; -0.11892
558.0; 14.957; 34.39; 0.04822; -0.29927; 2.56328; -0.14629
561.0; 15.045; 33.97; 0.05303; -0.29780; 2.23441; -0.17366
564.0; 15.135; 33.56; 0.05704; -0.29214; 1.83630; -0.20040
567.0; 15.226; 33.16; 0.06010; -0.28425; 1.36913; -0.22524
570.0; 15.318; 32.75; 0.06217; -0.27763; 0.83907; -0.24500
573.0; 15.412; 32.35; 0.06353; -0.27708; 0.26596; -0.25541
576.0; 15.507; 31.95; 0.06487; -0.28835; -0.31597; -0.25426
579.0; 15.603; 31.58; 0.06698; -0.30985; -0.86866; -0.24319
582.0; 15.698; 31.31; 0.06975; -0.32298; -1.36510; -0.22659
585.0; 15.792; 31.15; 0.07239; -0.32318; -1.79632; -0.20850
588.0; 15.887; 31.04; 0.07423; -0.31503; -2.16461; -0.19049
591.0; 15.980; 30.94; 0.07516; -0.30738; -2.47453; -0.17265
594.0; 16.074; 30.81; 0.07566; -0.30687; -2.73011; -0.15535
597.0; 16.168; 30.67; 0.07633; -0.31250; -2.93497; -0.13921
600.0; 16.262; 30.52; 0.07745; -0.31876; -3.09250; -0.12453
603.0; 16.356; 30.37; 0.07913; -0.32628; -3.20581; -0.11133
606.0; 16.450; 30.22; 0.08142; -0.33405; -3.27773; -0.09962
609.0; 16.545; 30.07; 0.08440; -0.34274; -3.31073; -0.08938
612.0; 16.640; 29.96; 0.08760; -0.34200; -3.30699; -0.08010
615.0; 16.736; 29.92; 0.08964; -0.32262; -3.26849; -0.07030
618.0; 16.832; 29.91; 0.08916; -0.29191; -3.19660; -0.05839
621.0; 16.928; 29.90; 0.08566; -0.26014; -3.09201; -0.04361
624.0; 17.024; 29.89; 0.07892; -0.22615; -2.95491; -0.02567
627.0; 17.121; 29.89; 0.06874; -0.18999; -2.78504; -0.00414
630.0; 17.217; 29.93; 0.05528; -0.15677; -2.58129; 0.02118
633.0; 17.314; 30.05; 0.04058; -0.14884; -2.34059; 0.04919
636.0; 17.411; 30.22; 0.02962; -0.19494; -2.05668; 0.07581
639.0; 17.508; 30.40; 0.02617; -0.27027; -1.72254; 0.09656
642.0; 17.605; 30.54; 0.02897; -0.32554; -1.33469; 0.11116
645.0; 17.703; 30.65; 0.03455; -0.34673; -0.89361; 0.12162
648.0; 17.801; 30.73; 0.04019; -0.34306; -0.40513; 0.12843
651.0; 17.900; 30.80; 0.04433; -0.32564; 0.11646; 0.13077
654.0; 17.999; 30.86; 0.04625; -0.30168; 0.65017; 0.12837
657.0; 18.098; 30.93; 0.04575; -0.27528; 1.17331; 0.12162
660.0; 18.197; 31.02; 0.04301; -0.24906; 1.66428; 0.11082
663.0; 18.295; 31.14; 0.03859; -0.22505; 2.10366; 0.09604
666.0; 18.392; 31.30; 0.03331; -0.20422; 2.47545; 0.07760
669.0; 18.488; 31.52; 0.02802; -0.18489; 2.77021; 0.05717
672.0; 18.582; 31.78; 0.02318; -0.16293; 2.98812; 0.03753
675.0; 18.676; 32.10; 0.01883; -0.13614; 3.13757; 0.02090
678.0; 18.769; 32.47; 0.01492; -0.10795; 3.23052; 0.00802
681.0; 18.861; 32.88; 0.01163; -0.08652; 3.27932; -0.00146
684.0; 18.951; 33.31; 0.00929; -0.07985; 3.29484; -0.00867
687.0; 19.041; 33.74; 0.00819; -0.08991; 3.28491; -0.01514
690.0; 19.129; 34.16; 0.00833; -0.10719; 3.25356; -0.02217
693.0; 19.217; 34.56; 0.00909; -0.11226; 3.20154; -0.02996
696.0; 19.303; 34.96; 0.00978; -0.11526; 3.12728; -0.03850
699.0; 19.389; 35.34; 0.01040; -0.11867; 3.02803; -0.04794
702.0; 19.473; 35.71; 0.01099; -0.12198; 2.90089; -0.05832
705.0; 19.557; 36.07; 0.01157; -0.12498; 2.74304; -0.06961
708.0; 19.640; 36.42; 0.01212; -0.12771; 2.55170; -0.08179
711.0; 19.722; 36.76; 0.01266; -0.13024; 2.32435; -0.09462
714.0; 19.803; 37.09; 0.01319; -0.13257; 2.05953; -0.10755
717.0; 19.884; 37.42; 0.01369; -0.13474; 1.75773; -0.11991
720.0; 19.964; 37.74; 0.01419; -0.13676; 1.42109; -0.13137
723.0; 20.044; 38.05; 0.01467; -0.13863; 1.05239; -0.14185
726.0; 20.124; 38.35; 0.01514; -0.14069; 0.65458; -0.15135
729.0; 20.202; 38.65; 0.01572; -0.14816; 0.23045; -0.16014
732.0; 20.280; 38.93; 0.01666; -0.16040; -0.21740; -0.16843
735.0; 20.358; 39.19; 0.01805; -0.17515; -0.68522; -0.17550
738.0; 20.435; 39.43; 0.01986; -0.19004; -1.16449; -0.17944
741.0; 20.511; 39.64; 0.02197; -0.20308; -1.64025; -0.17831
744.0; 20.587; 39.83; 0.02422; -0.21291; -2.09362; -0.17108
747.0; 20.661; 40.00; 0.02642; -0.21913; -2.50485; -0.15720
750.0; 20.734; 40.16; 0.02844; -0.22245; -2.85421; -0.13620
753.0; 20.805; 40.29; 0.03022; -0.22441; -3.12265; -0.10793
756.0; 20.876; 40.42; 0.03179; -0.22697; -3.29396; -0.07384
759.0; 20.946; 40.53; 0.03331; -0.23169; -3.36001; -0.03816
762.0; 21.016; 40.63; 0.03494; -0.23898; -3.32430; -0.00579
765.0; 21.086; 40.71; 0.03683; -0.24779; -3.19892; 0.02069
768.0; 21.157; 40.79; 0.03904; -0.25597; -2.99912; 0.04087
771.0; 21.228; 40.85; 0.04147; -0.26135; -2.74071; 0.05504
774.0; 21.300; 40.90; 0.04393; -0.26265; -2.43948; 0.06364
777.0; 21.373; 40.93; 0.04617; -0.25966; -2.11086; 0.06754
780.0; 21.446; 40.97; 0.04794; -0.25303; -1.76800; 0.06843
783.0; 21.519; 40.99; 0.04911; -0.24505; -1.41880; 0.06844
786.0; 21.592; 41.00; 0.04980; -0.23980; -1.06562; 0.06881
789.0; 21.665; 40.98; 0.05021; -0.23693; -0.70814; 0.06969
792.0; 21.739; 40.95; 0.05052; -0.23501; -0.34556; 0.07094
795.0; 21.812; 40.89; 0.05080; -0.23324; 0.02300; 0.07248
798.0; 21.886; 40.79; 0.05116; -0.23129; 0.39838; 0.07416
801.0; 21.961; 40.62; 0.05163; -0.22788; 0.78049; 0.07530
804.0; 22.036; 40.36; 0.05215; -0.22148; 1.16591; 0.07463
807.0; 22.112; 40.01; 0.05248; -0.21033; 1.54681; 0.07120
810.0; 22.188; 39.58; 0.05212; -0.19155; 1.91270; 0.06499
813.0; 22.265; 39.13; 0.05019; -0.15870; 2.25249; 0.05680
816.0; 22.343; 38.64; 0.04609; -0.11996; 2.55546; 0.04742
819.0; 22.421; 38.09; 0.03999; -0.08241; 2.81209; 0.03706
822.0; 22.500; 37.45; 0.03266; -0.05069; 3.01501; 0.02589
825.0; 22.581; 36.72; 0.02508; -0.02577; 3.16132; 0.01484
828.0; 22.663; 35.90; 0.01792; -0.00021; 3.25510; 0.00583
831.0; 22.747; 35.01; 0.01155; 0.01609; 3.30644; -0.00005
834.0; 22.833; 34.06; 0.00655; 0.01978; 3.32740; -0.00327
837.0; 22.922; 33.06; 0.00328; 0.01104; 3.32899; -0.00488
840.0; 23.014; 32.03; 0.00185; -0.00894; 3.31973; -0.00598
843.0; 23.110; 31.00; 0.00217; -0.03776; 3.30487; -0.00772
846.0; 23.208; 29.99; 0.00391; -0.07146; 3.28521; -0.01158
849.0; 23.310; 29.00; 0.00654; -0.10694; 3.25514; -0.01942
852.0; 23.415; 28.06; 0.00963; -0.14372; 3.20213; -0.03285
855.0; 23.524; 27.17; 0.01294; -0.18231; 3.10899; -0.05276
858.0; 23.636; 26.35; 0.01642; -0.22217; 2.95629; -0.07958
861.0; 23.751; 25.60; 0.02007; -0.26075; 2.72351; -0.11352
864.0; 23.870; 24.90; 0.02387; -0.29409; 2.38982; -0.15417
867.0; 23.993; 24.25; 0.02764; -0.31917; 1.93689; -0.19840
870.0; 24.120; 23.62; 0.03107; -0.33575; 1.35990; -0.23837
873.0; 24.253; 23.00; 0.03387; -0.34721; 0.68309; -0.26485
876.0; 24.389; 22.40; 0.03607; -0.36311; -0.04007; -0.27317
879.0; 24.528; 21.83; 0.03816; -0.37988; -0.74605; -0.26433
882.0; 24.666; 21.29; 0.04032; -0.39711; -1.38478; -0.24328
885.0; 24.805; 20.77; 0.04254; -0.40932; -1.92896; -0.21462
888.0; 24.943; 20.27; 0.04448; -0.41913; -2.36600; -0.18091
891.0; 25.082; 19.77; 0.04624; -0.43383; -2.69370; -0.14617
894.0; 25.223; 19.30; 0.04847; -0.45662; -2.92271; -0.11632
897.0; 25.366; 18.87; 0.05220; -0.49174; -3.07366; -0.09585
900.0; 25.512; 18.53; 0.05798; -0.51900; -3.16933; -0.08523
903.0; 25.661; 18.32; 0.06490; -0.53015; -3.22864; -0.08163
906.0; 25.812; 18.14; 0.07281; -0.54201; -3.26439; -0.08258
909.0; 25.963; 18.02; 0.08164; -0.54704; -3.28394; -0.08626
912.0; 26.115; 18.07; 0.08755; -0.50909; -3.29030; -0.08730
915.0; 26.266; 18.12; 0.08825; -0.47436; -3.28072; -0.08107
918.0; 26.417; 18.16; 0.08363; -0.43732; -3.24832; -0.06651
921.0; 26.566; 18.19; 0.07274; -0.39268; -3.18398; -0.04189
924.0; 26.715; 18.22; 0.05389; -0.33553; -3.07649; -0.00463
927.0; 26.864; 18.41; 0.02772; -0.28337; -2.90999; 0.04789
930.0; 27.010; 18.73; 0.01054; -0.34497; -2.65221; 0.10575
933.0; 27.157; 19.02; 0.00897; -0.42194; -2.26599; 0.15517
936.0; 27.305; 19.28; 0.01301; -0.44099; -1.73965; 0.19279
939.0; 27.457; 19.52; 0.01615; -0.42147; -1.09706; 0.21356
942.0; 27.611; 19.81; 0.01618; -0.38322; -0.39821; 0.21522
945.0; 27.765; 20.16; 0.01376; -0.33891; 0.28683; 0.20168
948.0; 27.916; 20.60; 0.01083; -0.29510; 0.90871; 0.17938
951.0; 28.063; 21.11; 0.00857; -0.25148; 1.44679; 0.15380
954.0; 28.205; 21.68; 0.00697; -0.20684; 1.89759; 0.12768
957.0; 28.343; 22.29; 0.00574; -0.16252; 2.26379; 0.10254
960.0; 28.475; 22.94; 0.00470; -0.12165; 2.55357; 0.08057
963.0; 28.604; 23.60; 0.00379; -0.08935; 2.78074; 0.06324
966.0; 28.729; 24.26; 0.00314; -0.07323; 2.95933; 0.04961
969.0; 28.851; 24.91; 0.00297; -0.07845; 3.09813; 0.03728
972.0; 28.970; 25.54; 0.00324; -0.07961; 3.20157; 0.02577
975.0; 29.086; 26.15; 0.00353; -0.07986; 3.27303; 0.01531
978.0; 29.199; 26.75; 0.00381; -0.08016; 3.31552; 0.00582
981.0; 29.310; 27.33; 0.00408; -0.08049; 3.33148; -0.00299
984.0; 29.419; 27.89; 0.00430; -0.07825; 3.32258; -0.01128
987.0; 29.525; 28.45; 0.00437; -0.07190; 3.29031; -0.01885
990.0; 29.630; 28.99; 0.00427; -0.06503; 3.23651; -0.02558
993.0; 29.733; 29.52; 0.00407; -0.05838; 3.16324; -0.03151
996.0; 29.833; 30.03; 0.00383; -0.05215; 3.07261; -0.03671
999.0; 29.932; 30.54; 0.00357; -0.04640; 2.96663; -0.04125
1002.0; 30.030; 31.04; 0.00331; -0.04117; 2.84711; -0.04519
1005.0; 30.126; 31.53; 0.00305; -0.03643; 2.71574; -0.04862
1008.0; 30.221; 32.01; 0.00279; -0.03217; 2.57400; -0.05158
1011.0; 30.314; 32.48; 0.00255; -0.02834; 2.42320; -0.05415
1014.0; 30.406; 32.94; 0.00232; -0.02491; 2.26452; -0.05636
1017.0; 30.496; 33.39; 0.00211; -0.02191; 2.09899; -0.05827
1020.0; 30.586; 33.82; 0.00191; -0.01923; 1.92750; -0.05991
1023.0; 30.674; 34.24; 0.00173; -0.01683; 1.75083; -0.06133
1026.0; 30.761; 34.64; 0.00156; -0.01469; 1.56967; -0.06255
1029.0; 30.848; 35.04; 0.00140; -0.01279; 1.38462; -0.06359
1032.0; 30.933; 35.42; 0.00125; -0.01108; 1.19620; -0.06449
1035.0; 31.017; 35.80; 0.00111; -0.00952; 1.00485; -0.06525
1038.0; 31.101; 36.16; 0.00098; -0.00809; 0.81100; -0.06589
1041.0; 31.184; 36.52; 0.00086; -0.00674; 0.61500; -0.06642
1044.0; 31.265; 36.86; 0.00074; -0.00541; 0.41719; -0.06686
1047.0; 31.347; 37.20; 0.00062; -0.00404; 0.21786; -0.06719
1050.0; 31.427; 37.53; 0.00050; -0.00259; 0.01732; -0.06742
1053.0; 31.507; 37.86; 0.00037; -0.00097; -0.18412; -0.06753
1056.0; 31.586; 38.17; 0.00022; 0.00090; -0.38615; -0.06752
1059.0; 31.664; 38.48; 0.00005; 0.00312; -0.58841; -0.06736
1062.0; 31.742; 38.78; -0.00016; 0.00580; -0.79049; -0.06702
1065.0; 31.820; 39.08; -0.00041; 0.00905; -0.99190; -0.06647
1068.0; 31.896; 39.37; -0.00071; 0.01303; -1.19208; -0.06565
1071.0; 31.972; 39.65; -0.00109; 0.01788; -1.39037; -0.06452
1074.0; 32.048; 39.93; -0.00154; 0.02371; -1.58595; -0.06302
1077.0; 32.123; 40.20; -0.00210; 0.03060; -1.77787; -0.06107
1080.0; 32.197; 40.47; -0.00277; 0.03856; -1.96500; -0.05860
1083.0; 32.271; 40.73; -0.00356; 0.04747; -2.14603; -0.05554
1086.0; 32.345; 40.99; -0.00447; 0.05703; -2.31948; -0.05185
1089.0; 32.418; 41.24; -0.00547; 0.06674; -2.48373; -0.04751
1092.0; 32.491; 41.49; -0.00655; 0.07586; -2.63712; -0.04255
1095.0; 32.563; 41.73; -0.00763; 0.08339; -2.77803; -0.03705
1098.0; 32.635; 41.97; -0.00865; 0.08816; -2.90501; -0.03119
1101.0; 32.706; 42.18; -0.00953; 0.09049; -3.01695; -0.02515
1104.0; 32.777; 42.27; -0.01038; 0.09393; -3.11313; -0.01896
1107.0; 32.848; 42.20; -0.01134; 0.09771; -3.19312; -0.01255
1110.0; 32.920; 41.93; -0.01243; 0.09937; -3.25666; -0.00593
1113.0; 32.992; 41.46; -0.01351; 0.09836; -3.30333; 0.00088
1116.0; 33.065; 40.83; -0.01444; 0.09486; -3.33227; 0.00793
1119.0; 33.139; 40.09; -0.01502; 0.08898; -3.34200; 0.01520
1122.0; 33.214; 39.32; -0.01499; 0.07836; -3.33069; 0.02248
1125.0; 33.291; 38.55; -0.01454; 0.08005; -3.29623; 0.03015
1128.0; 33.369; 37.78; -0.01444; 0.09525; -3.23598; 0.03919
1131.0; 33.450; 37.03; -0.01522; 0.11981; -3.14644; 0.05046
1134.0; 33.531; 36.30; -0.01703; 0.14882; -3.02324; 0.06424
1137.0; 33.615; 35.62; -0.01974; 0.17804; -2.86219; 0.08008
1140.0; 33.700; 34.97; -0.02308; 0.20418; -2.66026; 0.09729
1143.0; 33.787; 34.36; -0.02675; 0.22501; -2.41547; 0.11532
1146.0; 33.875; 33.78; -0.03044; 0.23947; -2.12642; 0.13369
1149.0; 33.965; 33.23; -0.03386; 0.24778; -1.79230; 0.15191
1152.0; 34.057; 32.68; -0.03679; 0.25143; -1.41305; 0.16950
1155.0; 34.151; 32.15; -0.03912; 0.25358; -0.98973; 0.18577
1158.0; 34.247; 31.64; -0.04100; 0.26010; -0.52635; 0.19951
1161.0; 34.344; 31.13; -0.04279; 0.26943; -0.03250; 0.20934
1164.0; 34.442; 30.64; -0.04472; 0.27982; 0.47709; 0.21436
1167.0; 34.541; 30.17; -0.04687; 0.29166; 0.98544; 0.21434
1170.0; 34.641; 29.72; -0.04937; 0.30440; 1.47517; 0.20923
1173.0; 34.742; 29.28; -0.05221; 0.31421; 1.92900; 0.19882
1176.0; 34.843; 28.86; -0.05514; 0.31972; 2.33056; 0.18301
1179.0; 34.943; 28.45; -0.05788; 0.32170; 2.66690; 0.16294
1182.0; 35.045; 28.05; -0.06021; 0.32132; 2.93271; 0.14137
1185.0; 35.147; 27.64; -0.06201; 0.31962; 3.13098; 0.12076
1188.0; 35.250; 27.24; -0.06321; 0.31744; 3.26864; 0.10193
1191.0; 35.355; 26.83; -0.06377; 0.31554; 3.35268; 0.08471
1194.0; 35.462; 26.43; -0.06374; 0.31475; 3.38919; 0.06886
1197.0; 35.570; 26.01; -0.06324; 0.31626; 3.38336; 0.05424
1200.0; 35.680; 25.59; -0.06252; 0.32143; 3.33966; 0.04091
1203.0; 35.792; 25.17; -0.06201; 0.33301; 3.26229; 0.02936
1206.0; 35.906; 24.75; -0.06249; 0.35583; 3.15598; 0.02072
1209.0; 36.022; 24.38; -0.06422; 0.37855; 3.02676; 0.01573
1212.0; 36.140; 24.13; -0.06655; 0.39033; 2.88143; 0.01374
1215.0; 36.259; 23.96; -0.06857; 0.39046; 2.72605; 0.01331
1218.0; 36.380; 23.84; -0.06966; 0.38390; 2.56501; 0.01319
1221.0; 36.501; 23.72; -0.06966; 0.37710; 2.40131; 0.01286
1224.0; 36.624; 23.59; -0.06886; 0.37412; 2.23726; 0.01247
1227.0; 36.747; 23.45; -0.06773; 0.37535; 2.07502; 0.01247
1230.0; 36.872; 23.29; -0.06661; 0.37888; 1.91674; 0.01322
1233.0; 36.998; 23.13; -0.06564; 0.38254; 1.76456; 0.01483
1236.0; 37.125; 22.97; -0.06475; 0.38521; 1.62056; 0.01717
1239.0; 37.253; 22.82; -0.06382; 0.38701; 1.48665; 0.02007
1242.0; 37.382; 22.66; -0.06280; 0.38899; 1.36458; 0.02346
1245.0; 37.512; 22.51; -0.06179; 0.39203; 1.25620; 0.02755
1248.0; 37.643; 22.34; -0.06084; 0.39521; 1.16408; 0.03273
1251.0; 37.776; 22.18; -0.05995; 0.39828; 1.09186; 0.03931
1254.0; 37.909; 22.02; -0.05910; 0.40125; 1.04368; 0.04732
1257.0; 38.044; 21.88; -0.05776; 0.39718; 1.02360; 0.05612
1260.0; 38.179; 21.83; -0.05382; 0.36896; 1.03508; 0.06329
1263.0; 38.314; 21.90; -0.04458; 0.31949; 1.07974; 0.06517
1266.0; 38.448; 22.05; -0.03181; 0.29710; 1.15483; 0.06156
1269.0; 38.581; 22.26; -0.02294; 0.33076; 1.25191; 0.05852
1272.0; 38.713; 22.46; -0.02174; 0.38246; 1.36264; 0.06129
1275.0; 38.844; 22.62; -0.02528; 0.41066; 1.48449; 0.06871
1278.0; 38.973; 22.74; -0.02981; 0.41360; 1.61759; 0.07715
1281.0; 39.101; 22.84; -0.03316; 0.40191; 1.76131; 0.08396
1284.0; 39.229; 22.95; -0.03452; 0.38504; 1.91348; 0.08782
1287.0; 39.355; 23.05; -0.03404; 0.36999; 2.07058; 0.08849
1290.0; 39.481; 23.17; -0.03255; 0.36146; 2.22835; 0.08665
1293.0; 39.605; 23.30; -0.03108; 0.36072; 2.38280; 0.08362
1296.0; 39.729; 23.44; -0.03035; 0.36504; 2.53119; 0.08058
1299.0; 39.851; 23.57; -0.03051; 0.36999; 2.67185; 0.07796
1302.0; 39.973; 23.69; -0.03127; 0.37248; 2.80359; 0.07552
1305.0; 40.094; 23.81; -0.03219; 0.37170; 2.92527; 0.07279
1308.0; 40.213; 23.93; -0.03293; 0.36843; 3.03550; 0.06933
1311.0; 40.332; 24.04; -0.03334; 0.36403; 3.13249; 0.06480
1314.0; 40.451; 24.16; -0.03342; 0.35970; 3.21402; 0.05907
1317.0; 40.568; 24.27; -0.03328; 0.35609; 3.27745; 0.05210
1320.0; 40.684; 24.39; -0.03305; 0.35315; 3.31979; 0.04390
1323.0; 40.800; 24.52; -0.03280; 0.35022; 3.33776; 0.03444
1326.0; 40.915; 24.64; -0.03251; 0.34632; 3.32781; 0.02362
1329.0; 41.030; 24.78; -0.03208; 0.34057; 3.28611; 0.01126
1332.0; 41.144; 24.92; -0.03138; 0.33254; 3.20864; -0.00272
1335.0; 41.257; 25.08; -0.03030; 0.32230; 3.09192; -0.01793
1338.0; 41.371; 25.25; -0.02882; 0.31028; 2.93424; -0.03356
1341.0; 41.484; 25.45; -0.02701; 0.29712; 2.73576; -0.04912
1344.0; 41.596; 25.67; -0.02499; 0.28325; 2.49682; -0.06473
1347.0; 41.709; 25.92; -0.02293; 0.26876; 2.21659; -0.08073
1350.0; 41.821; 26.20; -0.02094; 0.25341; 1.89271; -0.09750
1353.0; 41.933; 26.52; -0.01905; 0.23686; 1.52150; -0.11519
1356.0; 42.044; 26.86; -0.01725; 0.21892; 1.10026; -0.13225
1359.0; 42.156; 27.23; -0.01554; 0.19969; 0.63490; -0.14455
1362.0; 42.266; 27.63; -0.01391; 0.17956; 0.14672; -0.14777
1365.0; 42.375; 28.06; -0.01237; 0.15903; -0.33221; -0.14078
1368.0; 42.482; 28.52; -0.01091; 0.13856; -0.77271; -0.12657
1371.0; 42.587; 28.99; -0.00955; 0.11865; -1.16073; -0.11051
1374.0; 42.691; 29.48; -0.00829; 0.10037; -1.49843; -0.09656
1377.0; 42.792; 29.98; -0.00718; 0.08586; -1.79480; -0.08551
1380.0; 42.891; 30.48; -0.00634; 0.07809; -2.05816; -0.07647
1383.0; 42.989; 30.98; -0.00590; 0.07875; -2.29367; -0.06818
1386.0; 43.086; 31.46; -0.00592; 0.08326; -2.50361; -0.05983
1389.0; 43.180; 31.94; -0.00615; 0.08387; -2.68881; -0.05147
1392.0; 43.274; 32.41; -0.00638; 0.08402; -2.84979; -0.04327
1395.0; 43.366; 32.87; -0.00659; 0.08477; -2.98699; -0.03520
1398.0; 43.456; 33.32; -0.00701; 0.09650; -3.10020; -0.02663
1401.0; 43.546; 33.75; -0.00775; 0.10267; -3.18858; -0.01749
1404.0; 43.634; 34.16; -0.00847; 0.10709; -3.25130; -0.00807
1407.0; 43.721; 34.57; -0.00914; 0.11129; -3.28755; 0.00154
1410.0; 43.808; 34.96; -0.00975; 0.11370; -3.29676; 0.01123
1413.0; 43.893; 35.34; -0.01019; 0.11074; -3.27879; 0.02069
1416.0; 43.978; 35.71; -0.01033; 0.10488; -3.23414; 0.02957
1419.0; 44.061; 36.07; -0.01019; 0.09769; -3.16386; 0.03773
1422.0; 44.144; 36.43; -0.00983; 0.09005; -3.06941; 0.04515
1425.0; 44.226; 36.77; -0.00934; 0.08243; -2.95250; 0.05184
1428.0; 44.307; 37.11; -0.00878; 0.07504; -2.81486; 0.05788
1431.0; 44.388; 37.44; -0.00817; 0.06800; -2.65821; 0.06332
1434.0; 44.468; 37.76; -0.00755; 0.06132; -2.48421; 0.06819
1437.0; 44.547; 38.08; -0.00694; 0.05500; -2.29449; 0.07254
1440.0; 44.626; 38.39; -0.00634; 0.04900; -2.09057; 0.07640
1443.0; 44.704; 38.69; -0.00576; 0.04328; -1.87392; 0.07981
1446.0; 44.781; 38.99; -0.00519; 0.03775; -1.64590; 0.08279
1449.0; 44.858; 39.28; -0.00463; 0.03231; -1.40782; 0.08536
1452.0; 44.935; 39.56; -0.00408; 0.02683; -1.16092; 0.08753
1455.0; 45.011; 39.84; -0.00352; 0.02117; -0.90642; 0.08929
1458.0; 45.086; 40.12; -0.00294; 0.01516; -0.64552; 0.09062
1461.0; 45.161; 40.39; -0.00233; 0.00861; -0.37947; 0.09151
1464.0; 45.235; 40.65; -0.00166; 0.00131; -0.10954; 0.09190
1467.0; 45.309; 40.91; -0.00093; -0.00694; 0.16286; 0.09174
1470.0; 45.382; 41.17; -0.00009; -0.01633; 0.43624; 0.09096
1473.0; 45.455; 41.42; 0.00086; -0.02697; 0.70890; 0.08948
1476.0; 45.528; 41.66; 0.00194; -0.03891; 0.97898; 0.08721
1479.0; 45.600; 41.90; 0.00317; -0.05207; 1.24442; 0.08407
1482.0; 45.672; 42.14; 0.00456; -0.06613; 1.50295; 0.08001
1485.0; 45.743; 42.37; 0.00609; -0.08054; 1.75217; 0.07498
1488.0; 45.814; 42.60; 0.00773; -0.09439; 1.98960; 0.06902
1491.0; 45.884; 42.82; 0.00942; -0.10651; 2.21280; 0.06222
1494.0; 45.954; 43.04; 0.01106; -0.11549; 2.41953; 0.05477
1497.0; 46.024; 43.26; 0.01252; -0.11987; 2.60792; 0.04695
1500.0; 46.093; 43.45; 0.01370; -0.11988; 2.77664; 0.03908
1503.0; 46.162; 43.55; 0.01469; -0.12083; 2.92497; 0.03124
1506.0; 46.231; 43.50; 0.01571; -0.12254; 3.05269; 0.02335
1509.0; 46.300; 43.28; 0.01681; -0.12253; 3.15978; 0.01538
1512.0; 46.370; 42.88; 0.01791; -0.12017; 3.24614; 0.00730
1515.0; 46.441; 42.34; 0.01886; -0.11626; 3.31095; -0.00105
1518.0; 46.512; 41.68; 0.01956; -0.11182; 3.35251; -0.00984
1521.0; 46.584; 40.99; 0.01979; -0.10480; 3.36848; -0.01902
1524.0; 46.658; 40.29; 0.01965; -0.10633; 3.35602; -0.02889
1527.0; 46.733; 39.61; 0.01977; -0.12224; 3.31173; -0.04030
1530.0; 46.809; 38.94; 0.02075; -0.14830; 3.23141; -0.05416
1533.0; 46.886; 38.31; 0.02283; -0.17775; 3.11019; -0.07070
1536.0; 46.965; 37.72; 0.02585; -0.20459; 2.94392; -0.08909
1539.0; 47.045; 37.16; 0.02946; -0.22501; 2.73124; -0.10783
1542.0; 47.127; 36.62; 0.03325; -0.23774; 2.47389; -0.12569
1545.0; 47.210; 36.10; 0.03683; -0.24368; 2.17542; -0.14195
1548.0; 47.295; 35.60; 0.03994; -0.24564; 1.84021; -0.15619
1551.0; 47.381; 35.11; 0.04254; -0.24867; 1.47318; -0.16830
1554.0; 47.468; 34.64; 0.04485; -0.25532; 1.07959; -0.17840
1557.0; 47.556; 34.18; 0.04716; -0.26367; 0.66536; -0.18650
1560.0; 47.646; 33.73; 0.04962; -0.27378; 0.23758; -0.19237
1563.0; 47.736; 33.30; 0.05236; -0.28350; -0.19541; -0.19578
1566.0; 47.828; 32.88; 0.05529; -0.28980; -0.62435; -0.19641
1569.0; 47.919; 32.48; 0.05818; -0.29262; -1.03967; -0.19392
1572.0; 48.012; 32.08; 0.06082; -0.29277; -1.43181; -0.18807
1575.0; 48.105; 31.68; 0.06305; -0.29113; -1.79169; -0.17883
1578.0; 48.198; 31.29; 0.06478; -0.28840; -2.11176; -0.16681
1581.0; 48.292; 30.90; 0.06595; -0.28510; -2.38822; -0.15343
1584.0; 48.387; 30.51; 0.06653; -0.28172; -2.62190; -0.14008
1587.0; 48.483; 30.12; 0.06654; -0.27893; -2.81611; -0.12726
1590.0; 48.579; 29.73; 0.06605; -0.27801; -2.97437; -0.11502
1593.0; 48.677; 29.34; 0.06530; -0.28128; -3.09982; -0.10345
1596.0; 48.776; 28.94; 0.06473; -0.29238; -3.19528; -0.09298
1599.0; 48.876; 28.54; 0.06518; -0.31550; -3.26347; -0.08446
1602.0; 48.977; 28.21; 0.06702; -0.34051; -3.30773; -0.07869
1605.0; 49.079; 27.97; 0.06973; -0.35323; -3.33231; -0.07534
1608.0; 49.182; 27.83; 0.07232; -0.35231; -3.34148; -0.07324
1611.0; 49.286; 27.73; 0.07408; -0.34383; -3.33861; -0.07128
1614.0; 49.389; 27.63; 0.07475; -0.33439; -3.32614; -0.06900
1617.0; 49.494; 27.52; 0.07450; -0.32786; -3.30614; -0.06647
1620.0; 49.599; 27.40; 0.07370; -0.32565; -3.28054; -0.06408
1623.0; 49.704; 27.26; 0.07278; -0.32789; -3.25135; -0.06227
1626.0; 49.810; 27.11; 0.07211; -0.33305; -3.22062; -0.06144
1629.0; 49.917; 26.96; 0.07183; -0.33842; -3.19045; -0.06172
1632.0; 50.024; 26.82; 0.07194; -0.34375; -3.16292; -0.06310
1635.0; 50.132; 26.67; 0.07239; -0.34830; -3.14004; -0.06550
1638.0; 50.241; 26.55; 0.07266; -0.34451; -3.12375; -0.06837
1641.0; 50.350; 26.48; 0.07139; -0.32492; -3.11586; -0.07028
1644.0; 50.459; 26.47; 0.06681; -0.28756; -3.11779; -0.06926
1647.0; 50.569; 26.50; 0.05798; -0.24682; -3.13007; -0.06396
1650.0; 50.678; 26.58; 0.04569; -0.21658; -3.15180; -0.05451
1653.0; 50.786; 26.73; 0.03358; -0.22365; -3.17943; -0.04346
1656.0; 50.894; 26.91; 0.02682; -0.27546; -3.20695; -0.03571
1659.0; 51.001; 27.07; 0.02673; -0.33190; -3.23019; -0.03394
1662.0; 51.107; 27.20; 0.03074; -0.36382; -3.24892; -0.03661
1665.0; 51.213; 27.29; 0.03591; -0.37103; -3.26450; -0.04090
1668.0; 51.319; 27.37; 0.04037; -0.36238; -3.27786; -0.04464
1671.0; 51.424; 27.43; 0.04316; -0.34564; -3.28902; -0.04658
1674.0; 51.529; 27.49; 0.04398; -0.32646; -3.29720; -0.04615
1677.0; 51.634; 27.56; 0.04300; -0.30929; -3.30098; -0.04333
1680.0; 51.738; 27.64; 0.04080; -0.29790; -3.29835; -0.03849
1683.0; 51.842; 27.74; 0.03826; -0.29470; -3.28679; -0.03237
1686.0; 51.946; 27.85; 0.03625; -0.29915; -3.26353; -0.02582
1689.0; 52.049; 27.96; 0.03528; -0.30750; -3.22601; -0.01955
1692.0; 52.152; 28.07; 0.03535; -0.31511; -3.17253; -0.01393
1695.0; 52.254; 28.18; 0.03606; -0.31900; -3.10253; -0.00893
1698.0; 52.356; 28.29; 0.03696; -0.31848; -3.01603; -0.00417
1701.0; 52.458; 28.39; 0.03765; -0.31439; -2.91303; 0.00083
1704.0; 52.560; 28.49; 0.03789; -0.30817; -2.79320; 0.00645
1707.0; 52.662; 28.59; 0.03763; -0.30126; -2.65573; 0.01290
1710.0; 52.763; 28.70; 0.03694; -0.29483; -2.49931; 0.02028
1713.0; 52.865; 28.82; 0.03598; -0.28960; -2.32215; 0.02857
1716.0; 52.966; 28.95; 0.03494; -0.28582; -2.12203; 0.03772
1719.0; 53.067; 29.09; 0.03397; -0.28326; -1.89633; 0.04766
1722.0; 53.168; 29.23; 0.03317; -0.28147; -1.64219; 0.05835
1725.0; 53.268; 29.38; 0.03254; -0.27992; -1.35650; 0.06980
1728.0; 53.369; 29.53; 0.03208; -0.27824; -1.03597; 0.08206
1731.0; 53.470; 29.69; 0.03172; -0.27626; -0.67724; 0.09508
1734.0; 53.571; 29.85; 0.03142; -0.27412; -0.27790; 0.10802
1737.0; 53.672; 30.01; 0.03118; -0.27243; 0.15972; 0.11871
1740.0; 53.774; 30.18; 0.03104; -0.27233; 0.62528; 0.12477
1743.0; 53.875; 30.34; 0.03116; -0.27528; 1.10221; 0.12494
1746.0; 53.976; 30.49; 0.03172; -0.28219; 1.57173; 0.11877
1749.0; 54.076; 30.63; 0.03289; -0.29213; 2.01466; 0.10607
1752.0; 54.175; 30.76; 0.03470; -0.30212; 2.41213; 0.08684
1755.0; 54.273; 30.86; 0.03694; -0.30886; 2.74665; 0.06182
1758.0; 54.371; 30.95; 0.03924; -0.31062; 3.00473; 0.03294
1761.0; 54.468; 31.02; 0.04134; -0.30983; 3.17928; 0.00261
1764.0; 54.565; 31.01; 0.04391; -0.32301; 3.26828; -0.02857
1767.0; 54.662; 30.92; 0.04782; -0.34272; 3.27110; -0.06135
1770.0; 54.759; 30.82; 0.05294; -0.35579; 3.18669; -0.09577
1773.0; 54.856; 30.72; 0.05835; -0.35589; 3.01358; -0.13090
1776.0; 54.955; 30.64; 0.06299; -0.34485; 2.75050; -0.16531
1779.0; 55.053; 30.56; 0.06618; -0.32921; 2.39813; -0.19691
1782.0; 55.153; 30.47; 0.06792; -0.31639; 1.96302; -0.22312
1785.0; 55.254; 30.36; 0.06872; -0.31142; 1.46003; -0.24236
1788.0; 55.355; 30.21; 0.06937; -0.31457; 0.90994; -0.25457
1791.0; 55.457; 30.06; 0.07035; -0.32020; 0.33600; -0.26000
1794.0; 55.559; 29.89; 0.07193; -0.32852; -0.23755; -0.25869
1797.0; 55.661; 29.72; 0.07442; -0.34051; -0.78626; -0.25081
1800.0; 55.762; 29.54; 0.07809; -0.35490; -1.28755; -0.23741
1803.0; 55.862; 29.36; 0.08303; -0.36920; -1.72587; -0.22125
1806.0; 55.962; 29.21; 0.08911; -0.38117; -2.09716; -0.20583
1809.0; 56.061; 29.09; 0.09600; -0.38827; -2.40606; -0.19295
1812.0; 56.161; 29.04; 0.10259; -0.37878; -2.65964; -0.18185
1815.0; 56.260; 29.05; 0.10758; -0.35797; -2.86418; -0.17089
1818.0; 56.358; 29.06; 0.11072; -0.34021; -3.02441; -0.15934
1821.0; 56.457; 29.07; 0.11224; -0.32424; -3.14378; -0.14713
1824.0; 56.555; 29.08; 0.11223; -0.30884; -3.22453; -0.13385
1827.0; 56.653; 29.09; 0.11068; -0.29282; -3.26726; -0.11895
1830.0; 56.752; 29.09; 0.10744; -0.27495; -3.27143; -0.10205
1833.0; 56.850; 29.09; 0.10223; -0.25395; -3.23628; -0.08298
1836.0; 56.948; 29.09; 0.09464; -0.22855; -3.16134; -0.06139
1839.0; 57.046; 29.08; 0.08414; -0.19776; -3.04590; -0.03657
1842.0; 57.145; 29.08; 0.07021; -0.16175; -2.88837; -0.00761
1845.0; 57.243; 29.14; 0.05295; -0.12816; -2.68547; 0.02619
1848.0; 57.342; 29.29; 0.03557; -0.13363; -2.42997; 0.06345
1851.0; 57.441; 29.50; 0.02495; -0.20676; -2.10888; 0.09864
1854.0; 57.540; 29.71; 0.02359; -0.28883; -1.70898; 0.12721
1857.0; 57.639; 29.87; 0.02769; -0.32834; -1.22597; 0.14797
1860.0; 57.740; 30.01; 0.03273; -0.32681; -0.67353; 0.15868
1863.0; 57.841; 30.13; 0.03594; -0.30171; -0.08782; 0.15717
1866.0; 57.942; 30.27; 0.03617; -0.26645; 0.48346; 0.14459
1869.0; 58.043; 30.43; 0.03350; -0.22924; 1.00059; 0.12566
1872.0; 58.142; 30.64; 0.02886; -0.19572; 1.44497; 0.10598
1875.0; 58.240; 30.91; 0.02363; -0.16829; 1.81685; 0.08860
1878.0; 58.337; 31.24; 0.01890; -0.14405; 2.12485; 0.07392
1881.0; 58.433; 31.61; 0.01500; -0.11869; 2.37930; 0.06183
1884.0; 58.528; 32.03; 0.01179; -0.09343; 2.59042; 0.05229
1887.0; 58.621; 32.47; 0.00924; -0.07611; 2.76729; 0.04478
1890.0; 58.713; 32.93; 0.00761; -0.07565; 2.91653; 0.03799
1893.0; 58.803; 33.37; 0.00721; -0.09301; 3.04119; 0.03031
1896.0; 58.893; 33.80; 0.00778; -0.10362; 3.14153; 0.02153
1899.0; 58.981; 34.21; 0.00854; -0.10795; 3.21675; 0.01225
1902.0; 59.068; 34.62; 0.00922; -0.11177; 3.26590; 0.00272
1905.0; 59.154; 35.01; 0.00938; -0.08884; 3.28939; -0.00563
1908.0; 59.239; 35.39; 0.00822; -0.05119; 3.29036; -0.01116
1911.0; 59.324; 35.76; 0.00603; -0.01843; 3.27407; -0.01369
1914.0; 59.407; 36.13; 0.00367; 0.00116; 3.24651; -0.01413
1917.0; 59.490; 36.48; 0.00174; 0.01033; 3.21294; -0.01347
1920.0; 59.572; 36.83; 0.00043; 0.01334; 3.17720; -0.01239
1923.0; 59.653; 37.17; -0.00036; 0.01337; 3.14173; -0.01124
1926.0; 59.733; 37.50; -0.00078; 0.01222; 3.10785; -0.01017
1929.0; 59.813; 37.82; -0.00096; 0.01083; 3.07615; -0.00921
1932.0; 59.892; 38.14; -0.00100; 0.00956; 3.04682; -0.00838
1935.0; 59.970; 38.44; -0.00098; 0.00852; 3.01982; -0.00765
1938.0; 60.048; 38.75; -0.00093; 0.00771; 2.99500; -0.00700
1941.0; 60.125; 39.04; -0.00087; 0.00706; 2.97220; -0.00641
1944.0; 60.202; 39.33; -0.00081; 0.00652; 2.95124; -0.00588
1947.0; 60.278; 39.62; -0.00076; 0.00607; 2.93197; -0.00540
1950.0; 60.353; 39.90; -0.00072; 0.00567; 2.91423; -0.00495
1953.0; 60.428; 40.17; -0.00067; 0.00531; 2.89790; -0.00455
1956.0; 60.503; 40.44; -0.00064; 0.00498; 2.88286; -0.00417
1959.0; 60.577; 40.70; -0.00060; 0.00467; 2.86900; -0.00383
1962.0; 60.650; 40.96; -0.00057; 0.00438; 2.85623; -0.00351
1965.0; 60.723; 41.21; -0.00054; 0.00412; 2.84448; -0.00321
1968.0; 60.796; 41.46; -0.00051; 0.00387; 2.83369; -0.00294
1971.0; 60.868; 41.70; -0.00048; 0.00363; 2.82377; -0.00268
1974.0; 60.939; 41.94; -0.00046; 0.00342; 2.81468; -0.00244
1977.0; 61.011; 42.18; -0.00044; 0.00322; 2.80637; -0.00221
1980.0; 61.082; 42.41; -0.00041; 0.00303; 2.79877; -0.00200
1983.0; 61.152; 42.64; -0.00039; 0.00286; 2.79185; -0.00181
1986.0; 61.222; 42.86; -0.00037; 0.00269; 2.78556; -0.00162
1989.0; 61.292; 43.09; -0.00035; 0.00254; 2.77987; -0.00145
1992.0; 61.362; 43.30; -0.00034; 0.00240; 2.77472; -0.00129
1995.0; 61.431; 43.52; -0.00032; 0.00226; 2.77010; -0.00114
1998.0; 61.500; 43.73; -0.00030; 0.00214; 2.76597; -0.00100
2001.0; 61.568; 43.94; -0.00029; 0.00202; 2.76229; -0.00086
2004.0; 61.636; 44.14; -0.00028; 0.00191; 2.75905; -0.00074
2007.0; 61.704; 44.34; -0.00026; 0.00181; 2.75621; -0.00062
2010.0; 61.771; 44.54; -0.00025; 0.00171; 2.75375; -0.00051
2013.0; 61.839; 44.74; -0.00024; 0.00162; 2.75165; -0.00040
2016.0; 61.906; 44.93; -0.00023; 0.00153; 2.74988; -0.00031
2019.0; 61.972; 45.12; -0.00022; 0.00145; 2.74844; -0.00021
2022.0; 62.039; 45.31; -0.00021; 0.00138; 2.74729; -0.00013
2025.0; 62.105; 45.49; -0.00020; 0.00131; 2.74643; -0.00005
2028.0; 62.170; 45.67; -0.00019; 0.00124; 2.74583; 0.00003
2031.0; 62.236; 45.85; -0.00018; 0.00117; 2.74548; 0.00010
2034.0; 62.301; 46.03; -0.00017; 0.00111; 2.74537; 0.00017
2037.0; 62.366; 46.21; -0.00016; 0.00106; 2.74549; 0.00024
2040.0; 62.431; 46.38; -0.00015; 0.00100; 2.74581; 0.00030
2043.0; 62.496; 46.55; -0.00015; 0.00095; 2.74634; 0.00036
2046.0; 62.560; 46.72; -0.00014; 0.00091; 2.74705; 0.00041
2049.0; 62.624; 46.88; -0.00013; 0.00086; 2.74795; 0.00046
2052.0; 62.688; 47.05; -0.00013; 0.00082; 2.74901; 0.00051
2055.0; 62.752; 47.21; -0.00012; 0.00078; 2.75024; 0.00056
2058.0; 62.815; 47.37; -0.00012; 0.00074; 2.75161; 0.00060
2061.0; 62.878; 47.53; -0.00011; 0.00070; 2.75313; 0.00064
2064.0; 62.941; 47.68; -0.00011; 0.00067; 2.75479; 0.00068
2067.0; 63.004; 47.84; -0.00010; 0.00064; 2.75658; 0.00072
2070.0; 63.067; 47.99; -0.00010; 0.00061; 2.75849; 0.00075
2073.0; 63.129; 48.14; -0.00009; 0.00058; 2.76052; 0.00079
2076.0; 63.191; 48.29; -0.00009; 0.00055; 2.76266; 0.00082
2079.0; 63.253; 48.44; -0.00009; 0.00052; 2.76491; 0.00085
2082.0; 63.315; 48.58; -0.00008; 0.00050; 2.76726; 0.00088
2085.0; 63.377; 48.72; -0.00008; 0.00048; 2.76970; 0.00091
2088.0; 63.438; 48.87; -0.00007; 0.00045; 2.77224; 0.00094
2091.0; 63.500; 49.01; -0.00007; 0.00043; 2.77486; 0.00096
2094.0; 63.561; 49.15; -0.00007; 0.00041; 2.77757; 0.00099
2097.0; 63.622; 49.28; -0.00007; 0.00039; 2.78036; 0.00101
2100.0; 63.683; 49.42; -0.00006; 0.00038; 2.78323; 0.00103
2103.0; 63.743; 49.55; -0.00006; 0.00036; 2.78617; 0.00105
2106.0; 63.804; 49.68; -0.00006; 0.00034; 2.78918; 0.00107
2109.0; 63.864; 49.82; -0.00006; 0.00033; 2.79226; 0.00109
2112.0; 63.924; 49.94; -0.00005; 0.00031; 2.79541; 0.00111
2115.0; 63.984; 50.07; -0.00005; 0.00030; 2.79862; 0.00113
2118.0; 64.044; 50.20; -0.00005; 0.00029; 2.80189; 0.00115
2121.0; 64.104; 50.33; -0.00005; 0.00027; 2.80522; 0.00117
2124.0; 64.163; 50.45; -0.00004; 0.00026; 2.80860; 0.00118
2127.0; 64.223; 50.57; -0.00004; 0.00025; 2.81205; 0.00120
2130.0; 64.282; 50.69; -0.00004; 0.00024; 2.81554; 0.00121
2133.0; 64.341; 50.81; -0.00004; 0.00023; 2.81908; 0.00123
2136.0; 64.400; 50.93; -0.00004; 0.00022; 2.82268; 0.00124
2139.0; 64.459; 51.05; -0.00004; 0.00021; 2.82632; 0.00126
2142.0; 64.517; 51.17; -0.00003; 0.00020; 2.83002; 0.00127
2145.0; 64.576; 51.28; -0.00003; 0.00019; 2.83375; 0.00129
2148.0; 64.634; 51.40; -0.00003; 0.00019; 2.83753; 0.00130
2151.0; 64.693; 51.51; -0.00003; 0.00018; 2.84135; 0.00131
2154.0; 64.751; 51.62; -0.00003; 0.00017; 2.84520; 0.00132
2157.0; 64.809; 51.73; -0.00003; 0.00016; 2.84910; 0.00133
2160.0; 64.867; 51.84; -0.00003; 0.00016; 2.85303; 0.00134
2163.0; 64.925; 51.95; -0.00003; 0.00015; 2.85700; 0.00135
2166.0; 64.982; 52.06; -0.00003; 0.00015; 2.86100; 0.00136
2169.0; 65.040; 52.16; -0.00002; 0.00014; 2.86503; 0.00137
2172.0; 65.097; 52.27; -0.00002; 0.00014; 2.86910; 0.00138
2175.0; 65.155; 52.37; -0.00002; 0.00013; 2.87319; 0.00139
2178.0; 65.212; 52.48; -0.00002; 0.00013; 2.87731; 0.00140
2181.0; 65.269; 52.58; -0.00002; 0.00012; 2.88147; 0.00141
2184.0; 65.326; 52.68; -0.00002; 0.00012; 2.88564; 0.00142
2187.0; 65.383; 52.78; -0.00002; 0.00011; 2.88985; 0.00143
2190.0; 65.440; 52.88; -0.00002; 0.00011; 2.89408; 0.00143
2193.0; 65.496; 52.98; -0.00002; 0.00010; 2.89833; 0.00144
2196.0; 65.553; 53.08; -0.00002; 0.00010; 2.90261; 0.00145
2199.0; 65.610; 53.17; -0.00002; 0.00010; 2.90691; 0.00145
2202.0; 65.666; 53.27; -0.00002; 0.00010; 2.91123; 0.00146
2205.0; 65.722; 53.37; -0.00002; 0.00009; 2.91558; 0.00147
2208.0; 65.778; 53.46; -0.00002; 0.00009; 2.91994; 0.00147
2211.0; 65.834; 53.55; -0.00002; 0.00009; 2.92432; 0.00148
2214.0; 65.890; 53.65; -0.00001; 0.00008; 2.92873; 0.00149
2217.0; 65.946; 53.74; -0.00001; 0.00008; 2.93315; 0.00149
2220.0; 66.002; 53.83; -0.00001; 0.00008; 2.93759; 0.00150
2223.0; 66.058; 53.92; -0.00001; 0.00008; 2.94205; 0.00150
2226.0; 66.113; 54.01; -0.00001; 0.00008; 2.94653; 0.00151
2229.0; 66.169; 54.09; -0.00001; 0.00007; 2.95102; 0.00151
2232.0; 66.224; 54.18; -0.00001; 0.00007; 2.95553; 0.00152
2235.0; 66.280; 54.27; -0.00001; 0.00007; 2.96006; 0.00152
2238.0; 66.335; 54.35; -0.00001; 0.00007; 2.96460; 0.00153
2241.0; 66.390; 54.44; -0.00001; 0.00007; 2.96915; 0.00153
2244.0; 66.445; 54.52; -0.00001; 0.00007; 2.97372; 0.00154
2247.0; 66.500; 54.61; -0.00001; 0.00006; 2.97831; 0.00154
2250.0; 66.555; 54.69; -0.00001; 0.00006; 2.98291; 0.00155
2253.0; 66.610; 54.77; -0.00001; 0.00006; 2.98752; 0.00155
2256.0; 66.664; 54.85; -0.00001; 0.00006; 2.99215; 0.00156
2259.0; 66.719; 54.94; -0.00001; 0.00006; 2.99679; 0.00156
2262.0; 66.774; 55.02; -0.00001; 0.00006; 3.00145; 0.00156
2265.0; 66.828; 55.09; -0.00001; 0.00006; 3.00611; 0.00157
2268.0; 66.883; 55.17; -0.00001; 0.00006; 3.01079; 0.00157
2271.0; 66.937; 55.25; -0.00001; 0.00006; 3.01548; 0.00158
2274.0; 66.991; 55.33; -0.00001; 0.00006; 3.02019; 0.00158
2277.0; 67.045; 55.41; -0.00001; 0.00006; 3.02490; 0.00158
2280.0; 67.099; 55.48; -0.00001; 0.00006; 3.02963; 0.00159
2283.0; 67.153; 55.56; -0.00001; 0.00006; 3.03437; 0.00159
2286.0; 67.207; 55.63; -0.00001; 0.00005; 3.03912; 0.00159
2289.0; 67.261; 55.71; -0.00001; 0.00005; 3.04388; 0.00160
2292.0; 67.315; 55.78; -0.00001; 0.00005; 3.04866; 0.00160
2295.0; 67.369; 55.85; -0.00001; 0.00005; 3.05344; 0.00161
2298.0; 67.423; 55.92; -0.00001; 0.00005; 3.05823; 0.00161
2301.0; 67.476; 56.00; -0.00001; 0.00005; 3.06304; 0.00161
2304.0; 67.530; 56.07; -0.00001; 0.00005; 3.06786; 0.00162
2307.0; 67.583; 56.14; -0.00001; 0.00005; 3.07268; 0.00162
2310.0; 67.637; 56.21; -0.00001; 0.00005; 3.07752; 0.00162
2313.0; 67.690; 56.28; -0.00001; 0.00005; 3.08237; 0.00163
2316.0; 67.743; 56.35; -0.00001; 0.00005; 3.08723; 0.00163
2319.0; 67.796; 56.41; -0.00001; 0.00005; 3.09210; 0.00163
2322.0; 67.850; 56.48; -0.00001; 0.00005; 3.09697; 0.00164
2325.0; 67.903; 56.55; -0.00001; 0.00006; 3.10186; 0.00164
2328.0; 67.956; 56.62; -0.00001; 0.00006; 3.10676; 0.00164
2331.0; 68.009; 56.68; -0.00001; 0.00006; 3.11167; 0.00165
2334.0; 68.062; 56.75; -0.00001; 0.00006; 3.11659; 0.00165
2337.0; 68.114; 56.81; -0.00001; 0.00006; 3.12152; 0.00165
2340.0; 68.167; 56.88; -0.00001; 0.00006; 3.12646; 0.00166
2343.0; 68.220; 56.94; -0.00001; 0.00006; 3.13141; 0.00166
2346.0; 68.272; 57.00; -0.00001; 0.00006; 3.13637; 0.00166
2349.0; 68.325; 57.07; -0.00001; 0.00006; 3.14134; 0.00167
2352.0; 68.378; 57.13; -0.00001; 0.00006; 3.14632; 0.00167
2355.0; 68.430; 57.19; -0.00001; 0.00006; 3.15131; 0.00167
2358.0; 68.483; 57.25; -0.00001; 0.00006; 3.15630; 0.00168
2361.0; 68.535; 57.31; -0.00001; 0.00006; 3.16131; 0.00168
2364.0; 68.587; 57.38; -0.00001; 0.00006; 3.16633; 0.00168
2367.0; 68.639; 57.44; -0.00001; 0.00006; 3.17136; 0.00169
2370.0; 68.692; 57.50; -0.00001; 0.00007; 3.17640; 0.00169
2373.0; 68.744; 57.55; -0.00001; 0.00007; 3.18145; 0.00170
2376.0; 68.796; 57.61; -0.00001; 0.00007; 3.18651; 0.00170
2379.0; 68.848; 57.67; -0.00001; 0.00006; 3.19159; 0.00170
2382.0; 68.900; 57.73; -0.00001; 0.00005; 3.19667; 0.00171
2385.0; 68.952; 57.79; -0.00001; 0.00004; 3.20176; 0.00171
2388.0; 69.004; 57.84; -0.00001; 0.00002; 3.20686; 0.00171
2391.0; 69.056; 57.90; -0.00001; -0.00001; 3.21196; 0.00171
2394.0; 69.107; 57.96; -0.00000; -0.00006; 3.21708; 0.00171
2397.0; 69.159; 58.01; -0.00000; -0.00012; 3.22219; 0.00170
2400.0; 69.211; 58.07; 0.00001; -0.00020; 3.22730; 0.00170
2403.0; 69.263; 58.12; 0.00001; -0.00031; 3.23239; 0.00168
2406.0; 69.314; 58.18; 0.00003; -0.00045; 3.23747; 0.00166
2409.0; 69.366; 58.23; 0.00004; -0.00062; 3.24251; 0.00163
2412.0; 69.417; 58.28; 0.00006; -0.00083; 3.24750; 0.00160
2415.0; 69.469; 58.34; 0.00008; -0.00106; 3.25242; 0.00155
2418.0; 69.520; 58.39; 0.00011; -0.00132; 3.25725; 0.00148
2421.0; 69.571; 58.44; 0.00014; -0.00161; 3.26196; 0.00141
2424.0; 69.623; 58.49; 0.00017; -0.00190; 3.26652; 0.00132
2427.0; 69.674; 58.55; 0.00021; -0.00220; 3.27090; 0.00121
2430.0; 69.725; 58.60; 0.00025; -0.00247; 3.27505; 0.00109
2433.0; 69.776; 58.65; 0.00030; -0.00270; 3.27895; 0.00096
2436.0; 69.827; 58.70; 0.00034; -0.00285; 3.28257; 0.00081
2439.0; 69.879; 58.75; 0.00037; -0.00291; 3.28586; 0.00067
2442.0; 69.930; 58.80; 0.00040; -0.00284; 3.28881; 0.00052
2445.0; 69.981; 58.85; 0.00042; -0.00262; 3.29139; 0.00038
2448.0; 70.032; 58.87; 0.00042; -0.00232; 3.29361; 0.00026
2451.0; 70.083; 58.83; 0.00042; -0.00198; 3.29548; 0.00015
2454.0; 70.134; 58.70; 0.00040; -0.00160; 3.29701; 0.00006
2457.0; 70.185; 58.47; 0.00038; -0.00118; 3.29823; -0.00001
2460.0; 70.236; 58.13; 0.00034; -0.00071; 3.29919; -0.00006
2463.0; 70.288; 57.67; 0.00030; -0.00023; 3.29992; -0.00009
2466.0; 70.340; 57.10; 0.00024; 0.00022; 3.30046; -0.00009
2469.0; 70.393; 56.43; 0.00018; 0.00060; 3.30088; -0.00007
2472.0; 70.447; 55.69; 0.00012; 0.00085; 3.30119; -0.00003
2475.0; 70.501; 54.90; 0.00006; 0.00101; 3.30145; 0.00002
2478.0; 70.556; 54.11; 0.00001; 0.00067; 3.30169; 0.00007
2481.0; 70.612; 53.31; -0.00001; 0.00014; 3.30191; 0.00009
2484.0; 70.669; 52.51; -0.00001; -0.00013; 3.30212; 0.00009
2487.0; 70.726; 51.71; -0.00000; -0.00013; 3.30234; 0.00008
2490.0; 70.785; 50.90; 0.00000; -0.00005; 3.30255; 0.00007
2493.0; 70.844; 50.09; 0.00000; 0.00001; 3.30276; 0.00006
2496.0; 70.904; 49.27; 0.00000; 0.00002; 3.30293; 0.00005
2499.0; 70.966; 48.44; 0.00000; 0.00001; 3.30305; 0.00003
2502.0; 71.028; 47.61; -0.00000; 0.00000; 3.30310; 0.00000
2505.0; 71.092; 46.77; 0.00007; -0.00412; 3.30295; -0.00018
2508.0; 71.157; 45.95; 0.00083; -0.03812; 3.30151; -0.00171
2511.0; 71.222; 45.16; 0.00343; -0.09477; 3.29603; -0.00633
2514.0; 71.289; 44.44; 0.00823; -0.15748; 3.28191; -0.01501
2517.0; 71.357; 43.79; 0.01472; -0.21039; 3.25282; -0.02769
2520.0; 71.426; 43.22; 0.02202; -0.24498; 3.20179; -0.04345
2523.0; 71.496; 42.70; 0.02927; -0.26102; 3.12238; -0.06111
2526.0; 71.567; 42.21; 0.03585; -0.26339; 3.00941; -0.07958
2529.0; 71.638; 41.76; 0.04146; -0.25916; 2.85892; -0.09820
2532.0; 71.711; 41.32; 0.04610; -0.25691; 2.66765; -0.11690
2535.0; 71.784; 40.90; 0.05013; -0.25919; 2.43245; -0.13608
2538.0; 71.858; 40.50; 0.05392; -0.26373; 2.14970; -0.15629
2541.0; 71.933; 40.11; 0.05760; -0.26553; 1.81538; -0.17765
2544.0; 72.009; 39.73; 0.06103; -0.26394; 1.42639; -0.19893
2547.0; 72.085; 39.35; 0.06404; -0.25965; 0.98572; -0.21676
2550.0; 72.163; 38.98; 0.06651; -0.25364; 0.50867; -0.22705
2553.0; 72.241; 38.60; 0.06833; -0.24681; 0.02151; -0.22775
2556.0; 72.320; 38.23; 0.06949; -0.23994; -0.44779; -0.21998
2559.0; 72.399; 37.86; 0.06999; -0.23394; -0.88001; -0.20731
2562.0; 72.479; 37.49; 0.06995; -0.23019; -1.26852; -0.19325
2565.0; 72.559; 37.12; 0.06959; -0.23095; -1.61420; -0.17941
2568.0; 72.639; 36.76; 0.06931; -0.23943; -1.91966; -0.16638
2571.0; 72.719; 36.39; 0.06979; -0.25925; -2.18762; -0.15488
2574.0; 72.800; 36.08; 0.07132; -0.28001; -2.42089; -0.14532
2577.0; 72.882; 35.84; 0.07361; -0.29272; -2.62232; -0.13737
2580.0; 72.963; 35.69; 0.07604; -0.29473; -2.79442; -0.13025
2583.0; 73.045; 35.57; 0.07801; -0.28835; -2.93923; -0.12325
2586.0; 73.127; 35.48; 0.07919; -0.27854; -3.05838; -0.11589
2589.0; 73.209; 35.38; 0.07957; -0.27022; -3.15311; -0.10810
2592.0; 73.291; 35.27; 0.07941; -0.26605; -3.22453; -0.10011
2595.0; 73.374; 35.15; 0.07905; -0.26592; -3.27367; -0.09226
2598.0; 73.457; 35.02; 0.07870; -0.26783; -3.30155; -0.08477
2601.0; 73.540; 34.88; 0.07843; -0.26948; -3.30925; -0.07773
2604.0; 73.623; 34.76; 0.07819; -0.27040; -3.29780; -0.07107
2607.0; 73.707; 34.63; 0.07797; -0.27156; -3.26816; -0.06475
2610.0; 73.791; 34.49; 0.07781; -0.27355; -3.22124; -0.05880
2613.0; 73.875; 34.36; 0.07779; -0.27633; -3.15786; -0.05328
2616.0; 73.960; 34.23; 0.07792; -0.27908; -3.07883; -0.04819
2619.0; 74.046; 34.10; 0.07813; -0.27996; -2.98490; -0.04344
2622.0; 74.131; 33.98; 0.07810; -0.27627; -2.87677; -0.03871
2625.0; 74.217; 33.89; 0.07732; -0.26487; -2.75511; -0.03345
2628.0; 74.304; 33.84; 0.07499; -0.24338; -2.62047; -0.02682
2631.0; 74.390; 33.82; 0.07031; -0.21261; -2.47319; -0.01793
2634.0; 74.477; 33.83; 0.06292; -0.18058; -2.31321; -0.00623
2637.0; 74.564; 33.86; 0.05324; -0.15571; -2.13985; 0.00813
2640.0; 74.651; 33.95; 0.04287; -0.15160; -1.95133; 0.02399
2643.0; 74.738; 34.08; 0.03465; -0.18113; -1.74446; 0.03890
2646.0; 74.825; 34.21; 0.03097; -0.23406; -1.51578; 0.05019
2649.0; 74.911; 34.34; 0.03191; -0.28337; -1.26341; 0.05706
2652.0; 74.998; 34.43; 0.03583; -0.31297; -0.98738; 0.06068
2655.0; 75.085; 34.50; 0.04085; -0.32238; -0.68845; 0.06287
2658.0; 75.172; 34.55; 0.04560; -0.31727; -0.36724; 0.06511
2661.0; 75.259; 34.58; 0.04923; -0.30337; -0.02387; 0.06843
2664.0; 75.346; 34.61; 0.05131; -0.28498; 0.34187; 0.07324
2667.0; 75.434; 34.64; 0.05169; -0.26523; 0.72922; 0.07897
2670.0; 75.522; 34.68; 0.05043; -0.24650; 1.13315; 0.08377
2673.0; 75.610; 34.73; 0.04784; -0.23058; 1.54248; 0.08569
2676.0; 75.698; 34.80; 0.04436; -0.21826; 1.94242; 0.08375
2679.0; 75.786; 34.90; 0.04050; -0.20857; 2.31810; 0.07765
2682.0; 75.873; 35.03; 0.03661; -0.19865; 2.65576; 0.06737
2685.0; 75.959; 35.18; 0.03277; -0.18523; 2.94301; 0.05312
2688.0; 76.044; 35.37; 0.02890; -0.16741; 3.16914; 0.03556
2691.0; 76.128; 35.59; 0.02509; -0.15008; 3.32695; 0.01609
2694.0; 76.211; 35.68; 0.02242; -0.15498; 3.41492; -0.00433
2697.0; 76.295; 35.56; 0.02197; -0.18029; 3.43574; -0.02594
2700.0; 76.379; 35.22; 0.02405; -0.21704; 3.39191; -0.04955
2703.0; 76.464; 34.73; 0.02832; -0.25463; 3.28349; -0.07569
2706.0; 76.551; 34.21; 0.03363; -0.27268; 3.10853; -0.10359
2709.0; 76.639; 33.71; 0.03861; -0.27665; 2.86439; -0.13184
2712.0; 76.729; 33.23; 0.04280; -0.27803; 2.54957; -0.15895
2715.0; 76.821; 32.76; 0.04636; -0.28345; 2.16679; -0.18313
2718.0; 76.914; 32.32; 0.04971; -0.29118; 1.72564; -0.20276
2721.0; 77.010; 31.88; 0.05301; -0.29660; 1.24149; -0.21695
2724.0; 77.106; 31.46; 0.05612; -0.29886; 0.73247; -0.22521
2727.0; 77.204; 31.04; 0.05885; -0.29839; 0.21789; -0.22714
2730.0; 77.303; 30.62; 0.06105; -0.29600; -0.28244; -0.22244
2733.0; 77.402; 30.21; 0.06259; -0.29256; -0.74981; -0.21164
2736.0; 77.502; 29.81; 0.06345; -0.28912; -1.17080; -0.19686
2739.0; 77.602; 29.40; 0.06369; -0.28725; -1.54084; -0.18086
2742.0; 77.702; 28.99; 0.06354; -0.28950; -1.86207; -0.16538
2745.0; 77.804; 28.58; 0.06346; -0.29965; -2.13876; -0.15124
2748.0; 77.907; 28.18; 0.06430; -0.32211; -2.37526; -0.13934
2751.0; 78.010; 27.85; 0.06627; -0.34300; -2.57610; -0.13002
2754.0; 78.114; 27.63; 0.06867; -0.35139; -2.74560; -0.12240
2757.0; 78.219; 27.49; 0.07063; -0.34852; -2.88703; -0.11520
2760.0; 78.323; 27.38; 0.07178; -0.34208; -3.00269; -0.10781
2763.0; 78.428; 27.25; 0.07239; -0.34085; -3.09451; -0.10049
2766.0; 78.534; 27.11; 0.07310; -0.34612; -3.16449; -0.09395
2769.0; 78.640; 26.96; 0.07422; -0.35177; -3.21474; -0.08857
2772.0; 78.747; 26.81; 0.07580; -0.35797; -3.24741; -0.08439
2775.0; 78.854; 26.66; 0.07795; -0.36515; -3.26457; -0.08147
2778.0; 78.961; 26.50; 0.08082; -0.37394; -3.26815; -0.07992
2781.0; 79.070; 26.40; 0.08360; -0.36819; -3.26015; -0.07899
2784.0; 79.178; 26.38; 0.08418; -0.33848; -3.24242; -0.07647
2787.0; 79.287; 26.38; 0.08107; -0.30188; -3.21619; -0.07053
2790.0; 79.396; 26.38; 0.07379; -0.26292; -3.18208; -0.06059
2793.0; 79.505; 26.40; 0.06211; -0.22185; -3.14041; -0.04624
2796.0; 79.613; 26.48; 0.04675; -0.18914; -3.09035; -0.02752
2799.0; 79.722; 26.65; 0.03204; -0.20205; -3.02774; -0.00718
2802.0; 79.829; 26.85; 0.02450; -0.27075; -2.94467; 0.00875
2805.0; 79.936; 27.03; 0.02508; -0.33767; -2.83525; 0.01771
2808.0; 80.043; 27.16; 0.03001; -0.37021; -2.69780; 0.02254
2811.0; 80.149; 27.26; 0.03577; -0.37396; -2.53149; 0.02696
2814.0; 80.255; 27.33; 0.04038; -0.36150; -2.33418; 0.03346
2817.0; 80.361; 27.40; 0.04297; -0.34160; -2.10217; 0.04338
2820.0; 80.467; 27.48; 0.04333; -0.31954; -1.83065; 0.05696
2823.0; 80.574; 27.56; 0.04166; -0.29892; -1.51592; 0.07274
2826.0; 80.681; 27.67; 0.03853; -0.28250; -1.15977; 0.08770
2829.0; 80.789; 27.81; 0.03482; -0.27164; -0.77124; 0.09919
2832.0; 80.897; 27.98; 0.03133; -0.26475; -0.36336; 0.10600
2835.0; 81.004; 28.18; 0.02844; -0.25743; 0.05029; 0.10799
2838.0; 81.112; 28.41; 0.02598; -0.24556; 0.45663; 0.10563
2841.0; 81.218; 28.67; 0.02357; -0.22775; 0.84361; 0.09975
2844.0; 81.323; 28.97; 0.02097; -0.20499; 1.20148; 0.09163
